shape,mat,type,threads,variant,best_gbps,p90_gbps,median_gbps,p10_gbps,min_gbps,burst_gbps,ratio_read,median_us,n
qwen38,down,iq4_nl,8,prod,29.5,23.6,16.4,8.4,6.0,15.2,0.82,562,72
qwen38,down,iq4_nl,8,prod+pin,39.5,26.0,17.5,9.0,2.9,15.5,0.65,526,72
qwen38,down,iq4_nl,8,prod+pinE,32.8,25.9,12.1,5.7,2.6,12.1,0.42,759,72
qwen38,down,iq4_nl,8,prod+pinS,31.4,24.0,13.2,8.2,3.2,13.3,0.51,699,72
qwen38,down,iq4_nl,8,r8,33.8,27.4,18.4,10.3,3.3,17.5,0.85,501,72
qwen38,down,iq4_nl,8,r8+pin,35.9,32.3,27.5,12.7,3.2,23.9,0.93,335,72
qwen38,down,iq4_nl,8,read,37.5,31.0,22.3,9.1,3.3,22.1,,414,72
qwen38,down,iq4_nl,8,read+pin,40.0,37.6,29.4,11.5,2.4,28.0,,313,72
qwen38,down,iq4_nl,8,vecdot,29.1,23.1,14.9,8.3,1.8,13.7,0.73,619,72
qwen38,down,iq4_nl,8,vecdot+pin,32.9,25.8,21.5,12.0,3.0,19.6,0.71,430,72
qwen38,down,iq4_nl,12,prod,43.1,34.3,18.3,8.2,2.2,17.1,0.67,505,72
qwen38,down,iq4_nl,12,prod+pin,49.9,44.4,24.2,8.8,3.4,20.9,0.84,382,72
qwen38,down,iq4_nl,12,prod+pinE,44.0,34.4,13.2,5.2,1.9,14.2,0.51,700,72
qwen38,down,iq4_nl,12,prod+pinS,44.3,38.3,23.9,10.8,1.7,19.8,0.73,386,72
qwen38,down,iq4_nl,12,r8,41.1,36.1,25.3,14.2,4.3,24.2,0.91,365,72
qwen38,down,iq4_nl,12,r8+pin,46.6,38.3,31.5,16.0,4.1,29.2,0.95,293,72
qwen38,down,iq4_nl,12,read,42.6,36.4,29.1,16.3,8.2,26.7,,317,72
qwen38,down,iq4_nl,12,read+pin,49.9,42.4,32.3,15.7,4.4,28.5,,285,72
qwen38,down,iq4_nl,12,vecdot,35.5,30.4,21.1,10.2,6.8,21.8,0.70,436,72
qwen38,down,iq4_nl,12,vecdot+pin,40.9,35.9,25.2,12.4,2.9,22.2,0.78,366,72
qwen38,down,iq4_nl,16,prod,43.6,33.2,19.6,9.5,4.3,17.0,0.64,469,72
qwen38,down,iq4_nl,16,prod+pin,51.0,41.3,20.3,9.8,5.6,18.1,0.61,455,72
qwen38,down,iq4_nl,16,prod+pinE,52.0,41.1,18.8,7.8,2.3,13.9,0.55,492,72
qwen38,down,iq4_nl,16,prod+pinS,51.6,39.9,21.1,9.3,2.6,18.2,0.62,436,72
qwen38,down,iq4_nl,16,r8,47.2,40.9,28.3,14.2,5.8,25.8,0.97,325,72
qwen38,down,iq4_nl,16,r8+pin,51.8,43.6,36.1,15.7,1.5,31.0,1.07,255,72
qwen38,down,iq4_nl,16,read,50.6,43.0,26.1,14.0,7.5,25.3,,353,72
qwen38,down,iq4_nl,16,read+pin,49.5,45.2,32.8,20.9,10.7,31.2,,281,72
qwen38,down,iq4_nl,16,vecdot,44.0,36.5,22.7,11.5,1.2,21.2,0.82,406,72
qwen38,down,iq4_nl,16,vecdot+pin,48.6,36.0,26.8,13.5,3.9,23.6,0.80,344,72
qwen38,down,iq4_nl,20,prod,50.4,34.4,18.1,8.2,2.1,15.4,0.57,509,72
qwen38,down,iq4_nl,20,prod+pin,59.2,44.4,20.4,4.8,2.9,13.9,0.74,451,72
qwen38,down,iq4_nl,20,prod+pinE,47.4,41.7,23.9,8.8,7.3,18.2,0.78,386,72
qwen38,down,iq4_nl,20,prod+pinS,61.9,37.2,12.8,3.3,1.5,11.4,0.45,723,72
qwen38,down,iq4_nl,20,r8,54.5,44.1,30.4,14.1,3.8,26.5,0.77,304,72
qwen38,down,iq4_nl,20,r8+pin,53.1,46.1,37.1,14.6,2.7,28.7,1.12,249,72
qwen38,down,iq4_nl,20,read,55.2,48.1,33.3,15.4,2.0,29.1,,277,72
qwen38,down,iq4_nl,20,read+pin,56.6,46.5,29.3,13.6,2.5,27.7,,314,72
qwen38,down,iq4_nl,20,vecdot,49.5,38.1,28.8,11.4,2.6,25.2,0.77,320,72
qwen38,down,iq4_nl,20,vecdot+pin,53.4,45.0,30.2,9.6,0.9,27.9,0.97,305,72
qwen38,down,iq4_nl,22,prod,59.5,51.3,22.5,6.9,2.1,18.8,0.81,409,72
qwen38,down,iq4_nl,22,prod+pin,66.7,60.0,31.6,6.0,2.0,23.5,0.87,294,72
qwen38,down,iq4_nl,22,prod+pinE,62.5,53.7,31.8,7.1,3.1,13.6,0.74,290,72
qwen38,down,iq4_nl,22,prod+pinS,68.2,59.4,32.6,6.1,1.5,21.1,0.71,282,72
qwen38,down,iq4_nl,22,r8,60.1,55.9,40.5,16.4,1.4,34.1,1.00,227,72
qwen38,down,iq4_nl,22,r8+pin,65.9,57.9,42.8,14.7,3.2,29.6,0.95,215,72
qwen38,down,iq4_nl,22,read,61.4,57.5,38.0,14.0,2.5,32.3,,242,72
qwen38,down,iq4_nl,22,read+pin,66.4,61.5,45.6,18.2,6.5,36.8,,202,72
qwen38,down,iq4_nl,22,vecdot,54.9,51.2,32.1,11.0,0.9,26.0,0.87,288,72
qwen38,down,iq4_nl,22,vecdot+pin,62.2,55.5,33.6,13.3,5.7,28.8,0.78,274,72
qwen38,down,iq4_nl,24,prod,49.4,42.1,19.3,9.3,5.3,16.2,0.72,477,72
qwen38,down,iq4_nl,24,prod+pin,71.9,56.7,30.0,10.6,3.7,27.5,0.90,309,72
qwen38,down,iq4_nl,24,prod+pinE,56.1,43.6,20.5,7.9,6.5,16.0,0.46,449,72
qwen38,down,iq4_nl,24,prod+pinS,68.9,34.9,22.7,7.8,1.4,16.2,0.51,408,72
qwen38,down,iq4_nl,24,r8,64.5,54.7,36.1,15.4,1.2,29.5,1.10,255,72
qwen38,down,iq4_nl,24,r8+pin,58.6,53.6,38.5,16.8,4.6,32.6,0.91,239,72
qwen38,down,iq4_nl,24,read,61.6,48.1,34.4,16.0,3.5,31.1,,268,72
qwen38,down,iq4_nl,24,read+pin,59.8,51.7,39.0,15.0,2.7,35.8,,237,72
qwen38,down,iq4_nl,24,vecdot,69.1,45.6,29.7,14.8,4.4,26.6,0.94,310,72
qwen38,down,iq4_nl,24,vecdot+pin,62.9,47.9,31.1,13.7,7.9,26.5,0.78,297,72
qwen38,down,mxfp4,8,mx16,19.8,16.9,11.6,8.2,2.6,11.6,0.58,749,72
qwen38,down,mxfp4,8,mx16+pin,22.1,20.8,16.3,8.8,1.9,15.0,0.56,535,72
qwen38,down,mxfp4,8,mx8,35.1,27.0,19.4,9.5,2.6,16.7,0.91,448,72
qwen38,down,mxfp4,8,mx8+pin,35.5,31.9,25.8,14.0,6.3,24.4,0.91,338,72
qwen38,down,mxfp4,8,prod,21.3,15.7,10.3,5.8,0.1,10.0,0.52,843,72
qwen38,down,mxfp4,8,prod+pin,21.4,16.3,10.3,6.8,0.1,10.9,0.41,844,72
qwen38,down,mxfp4,8,prod+pinE,29.0,23.4,12.3,6.4,2.3,11.2,0.42,705,72
qwen38,down,mxfp4,8,prod+pinS,27.5,19.8,11.5,7.5,2.8,10.9,0.40,760,72
qwen38,down,mxfp4,8,r8,32.4,29.0,22.5,12.2,10.0,21.0,0.99,387,72
qwen38,down,mxfp4,8,r8+pin,34.7,31.3,26.7,14.7,1.3,26.4,0.88,326,72
qwen38,down,mxfp4,8,read,35.6,30.0,22.0,13.7,8.1,21.7,,396,72
qwen38,down,mxfp4,8,read+pin,40.6,36.8,29.6,15.8,5.6,27.2,,294,72
qwen38,down,mxfp4,8,vecdot,33.5,24.1,16.8,10.1,1.6,15.4,0.79,519,72
qwen38,down,mxfp4,8,vecdot+pin,33.8,27.4,23.0,12.9,3.5,21.0,0.84,379,72
qwen38,down,mxfp4,12,mx16,30.5,20.2,13.4,8.4,1.7,13.1,0.49,651,72
qwen38,down,mxfp4,12,mx16+pin,31.8,27.0,20.8,10.6,1.0,17.8,0.73,418,72
qwen38,down,mxfp4,12,mx8,37.7,32.7,22.9,11.2,2.7,22.1,0.88,380,72
qwen38,down,mxfp4,12,mx8+pin,43.2,37.6,28.4,16.0,2.7,26.5,1.00,307,72
qwen38,down,mxfp4,12,prod,35.6,24.2,13.2,9.0,5.1,13.3,0.51,659,72
qwen38,down,mxfp4,12,prod+pin,35.6,25.3,14.1,6.9,2.6,12.5,0.51,617,72
qwen38,down,mxfp4,12,prod+pinE,35.3,26.5,11.9,6.9,6.2,11.6,0.45,734,72
qwen38,down,mxfp4,12,prod+pinS,40.2,27.9,17.8,6.9,2.4,14.1,0.59,488,72
qwen38,down,mxfp4,12,r8,38.0,32.6,23.5,11.8,4.4,21.7,0.85,370,72
qwen38,down,mxfp4,12,r8+pin,43.6,37.1,28.4,14.9,0.9,25.4,1.03,307,72
qwen38,down,mxfp4,12,read,45.4,38.4,27.2,16.2,9.3,24.5,,320,72
qwen38,down,mxfp4,12,read+pin,47.0,40.2,28.2,18.9,3.0,26.7,,309,72
qwen38,down,mxfp4,12,vecdot,33.6,26.4,19.1,11.2,5.1,17.8,0.79,455,72
qwen38,down,mxfp4,12,vecdot+pin,42.9,34.9,26.6,16.6,9.5,25.4,0.99,328,72
qwen38,down,mxfp4,16,mx16,35.8,26.1,13.9,8.8,2.5,12.5,0.57,625,72
qwen38,down,mxfp4,16,mx16+pin,34.6,32.6,21.5,9.7,0.9,21.0,0.74,405,72
qwen38,down,mxfp4,16,mx8,39.7,34.2,20.7,11.4,4.2,19.3,0.87,420,72
qwen38,down,mxfp4,16,mx8+pin,46.8,41.6,29.2,14.2,2.4,26.8,0.90,298,72
qwen38,down,mxfp4,16,prod,32.9,23.6,11.4,6.9,4.5,11.3,0.39,766,72
qwen38,down,mxfp4,16,prod+pin,44.2,36.8,12.6,8.4,3.0,13.0,0.36,691,72
qwen38,down,mxfp4,16,prod+pinE,48.2,29.2,12.8,7.4,6.4,11.6,0.37,682,72
qwen38,down,mxfp4,16,prod+pinS,44.8,26.1,11.5,7.8,1.0,11.1,0.33,758,72
qwen38,down,mxfp4,16,r8,45.5,36.6,23.7,11.9,2.2,22.4,0.82,367,72
qwen38,down,mxfp4,16,r8+pin,50.9,40.7,29.5,12.3,3.3,21.6,0.81,295,72
qwen38,down,mxfp4,16,read,50.6,42.0,29.3,13.1,6.6,26.6,,297,72
qwen38,down,mxfp4,16,read+pin,52.9,46.1,35.2,19.6,3.0,31.7,,248,72
qwen38,down,mxfp4,16,vecdot,39.5,32.2,20.3,9.5,1.5,16.3,0.71,429,72
qwen38,down,mxfp4,16,vecdot+pin,46.6,38.0,27.3,12.9,9.7,23.7,0.77,319,72
qwen38,down,mxfp4,20,mx16,40.4,30.1,21.2,8.8,3.2,17.8,0.64,411,72
qwen38,down,mxfp4,20,mx16+pin,43.3,40.3,27.0,5.6,0.8,20.6,0.81,322,72
qwen38,down,mxfp4,20,mx8,47.5,41.5,28.0,12.1,1.9,21.6,0.80,311,72
qwen38,down,mxfp4,20,mx8+pin,58.0,46.7,33.5,14.9,1.3,27.8,0.99,260,72
qwen38,down,mxfp4,20,prod,45.3,34.9,20.5,8.1,3.6,16.1,0.60,426,72
qwen38,down,mxfp4,20,prod+pin,55.8,36.5,21.3,6.1,0.8,16.4,0.75,409,72
qwen38,down,mxfp4,20,prod+pinE,46.2,40.7,20.8,7.1,6.0,14.3,0.55,419,72
qwen38,down,mxfp4,20,prod+pinS,56.8,43.2,21.9,6.3,2.6,16.2,0.68,397,72
qwen38,down,mxfp4,20,r8,53.2,45.1,28.5,8.8,2.0,27.1,0.92,305,72
qwen38,down,mxfp4,20,r8+pin,53.2,47.6,35.5,7.7,1.2,27.5,0.96,245,72
qwen38,down,mxfp4,20,read,53.0,47.4,35.0,15.3,1.9,30.2,,249,72
qwen38,down,mxfp4,20,read+pin,58.9,50.6,39.1,17.7,0.6,32.3,,223,72
qwen38,down,mxfp4,20,vecdot,50.2,33.6,23.2,10.6,1.9,20.2,0.64,376,72
qwen38,down,mxfp4,20,vecdot+pin,53.9,39.5,26.5,12.9,3.6,23.3,0.71,328,72
qwen38,down,mxfp4,22,mx16,56.7,53.0,30.5,11.1,2.4,24.2,0.81,285,72
qwen38,down,mxfp4,22,mx16+pin,59.1,55.8,41.2,12.1,2.1,34.1,0.88,211,72
qwen38,down,mxfp4,22,mx8,63.0,62.0,38.1,16.1,2.7,37.7,0.94,229,72
qwen38,down,mxfp4,22,mx8+pin,67.3,62.2,41.9,21.1,1.5,34.7,1.00,208,72
qwen38,down,mxfp4,22,prod,63.3,59.1,30.2,9.9,2.4,25.1,0.94,288,72
qwen38,down,mxfp4,22,prod+pin,68.7,58.8,30.1,9.6,1.7,20.9,0.88,290,72
qwen38,down,mxfp4,22,prod+pinE,57.0,51.7,25.5,3.5,2.2,12.9,0.61,341,72
qwen38,down,mxfp4,22,prod+pinS,63.0,60.0,24.5,8.1,2.3,17.5,0.76,355,72
qwen38,down,mxfp4,22,r8,64.6,62.5,38.4,19.2,3.0,33.7,1.00,226,72
qwen38,down,mxfp4,22,r8+pin,64.9,62.0,45.8,16.9,2.8,36.7,1.03,190,72
qwen38,down,mxfp4,22,read,64.5,61.8,42.7,22.1,3.6,35.7,,204,72
qwen38,down,mxfp4,22,read+pin,66.4,63.9,43.8,16.1,2.2,36.1,,199,72
qwen38,down,mxfp4,22,vecdot,61.9,60.2,30.7,10.7,2.4,25.7,0.75,284,72
qwen38,down,mxfp4,22,vecdot+pin,66.9,60.8,32.8,17.1,4.3,30.1,0.91,265,72
qwen38,down,mxfp4,24,mx16,43.1,34.9,22.7,9.8,0.8,19.1,0.62,384,72
qwen38,down,mxfp4,24,mx16+pin,51.6,42.9,29.4,9.8,2.8,23.3,0.78,296,72
qwen38,down,mxfp4,24,mx8,45.7,42.7,32.3,13.4,8.8,29.7,0.91,269,72
qwen38,down,mxfp4,24,mx8+pin,60.0,50.2,33.9,14.1,0.8,28.1,1.05,257,72
qwen38,down,mxfp4,24,prod,58.4,35.5,19.7,8.2,2.5,15.7,0.65,443,72
qwen38,down,mxfp4,24,prod+pin,53.2,40.4,18.4,7.0,2.8,15.8,0.57,474,72
qwen38,down,mxfp4,24,prod+pinE,47.0,36.4,16.8,6.4,5.9,13.0,0.51,519,72
qwen38,down,mxfp4,24,prod+pinS,65.4,43.7,20.7,7.0,2.0,13.9,0.58,421,72
qwen38,down,mxfp4,24,r8,60.1,47.1,33.0,12.0,2.7,25.9,0.85,264,72
qwen38,down,mxfp4,24,r8+pin,60.0,50.5,36.3,15.8,9.9,28.4,1.08,240,72
qwen38,down,mxfp4,24,read,56.8,48.5,34.9,17.0,1.9,28.9,,249,72
qwen38,down,mxfp4,24,read+pin,58.1,51.4,35.0,16.2,2.9,29.9,,248,72
qwen38,down,mxfp4,24,vecdot,52.5,41.2,27.4,11.2,5.8,23.0,0.82,318,72
qwen38,down,mxfp4,24,vecdot+pin,57.5,49.6,30.0,12.1,1.8,25.0,0.87,290,72
qwen38,down,q2_0,8,prod,17.8,13.1,8.6,3.8,0.8,6.9,0.49,537,72
qwen38,down,q2_0,8,prod+pin,25.3,16.8,7.8,2.5,0.9,7.3,0.47,594,72
qwen38,down,q2_0,8,prod+pinE,16.4,12.4,6.5,3.7,1.5,6.3,0.39,706,72
qwen38,down,q2_0,8,prod+pinS,18.0,13.2,7.6,4.1,1.2,6.5,0.45,606,72
qwen38,down,q2_0,8,q2,20.3,18.1,13.3,5.9,1.5,10.5,0.72,346,72
qwen38,down,q2_0,8,q2+pin,26.0,22.7,17.3,7.1,1.4,16.2,0.84,267,72
qwen38,down,q2_0,8,read,27.5,23.2,17.9,10.6,0.7,16.2,,258,72
qwen38,down,q2_0,8,read+pin,30.0,25.3,19.9,10.3,0.6,17.3,,231,72
qwen38,down,q2_0,8,vecdot,17.4,13.4,10.4,4.5,0.9,9.2,0.55,445,72
qwen38,down,q2_0,8,vecdot+pin,21.1,17.5,11.2,3.6,1.3,8.7,0.63,411,72
qwen38,down,q2_0,12,prod,26.1,17.9,10.8,6.0,3.8,10.1,0.69,428,72
qwen38,down,q2_0,12,prod+pin,26.7,20.1,9.5,4.2,1.5,9.1,0.47,483,72
qwen38,down,q2_0,12,prod+pinE,26.9,17.2,6.9,4.2,3.6,6.7,0.33,669,72
qwen38,down,q2_0,12,prod+pinS,26.2,16.8,8.6,3.1,1.3,7.4,0.46,534,72
qwen38,down,q2_0,12,q2,29.2,24.4,15.9,7.4,3.9,14.5,1.07,289,72
qwen38,down,q2_0,12,q2+pin,30.4,26.1,16.0,6.9,2.7,14.8,0.80,288,72
qwen38,down,q2_0,12,read,29.9,25.2,15.1,8.2,4.4,14.7,,306,72
qwen38,down,q2_0,12,read+pin,33.5,27.5,22.0,10.8,1.5,19.5,,210,72
qwen38,down,q2_0,12,vecdot,24.8,16.1,10.8,5.3,3.4,10.1,0.63,428,72
qwen38,down,q2_0,12,vecdot+pin,26.5,20.0,13.4,7.1,2.0,12.9,0.63,345,72
qwen38,down,q2_0,16,prod,35.2,21.2,9.9,4.9,1.9,9.4,0.56,464,72
qwen38,down,q2_0,16,prod+pin,35.0,24.2,9.8,3.8,0.4,7.8,0.49,469,72
qwen38,down,q2_0,16,prod+pinE,26.6,17.7,6.1,1.5,1.1,6.8,0.27,760,72
qwen38,down,q2_0,16,prod+pinS,29.1,20.0,8.3,2.3,0.8,7.8,0.42,553,72
qwen38,down,q2_0,16,q2,35.2,27.5,20.1,7.8,1.4,15.4,0.90,230,72
qwen38,down,q2_0,16,q2+pin,40.2,30.7,20.0,7.6,1.5,17.1,0.86,231,72
qwen38,down,q2_0,16,read,39.2,29.3,20.5,10.3,0.4,16.5,,225,72
qwen38,down,q2_0,16,read+pin,41.0,33.4,21.9,9.8,2.6,19.0,,210,72
qwen38,down,q2_0,16,vecdot,31.1,22.1,13.2,5.0,1.3,11.1,0.61,350,72
qwen38,down,q2_0,16,vecdot+pin,29.9,24.8,11.4,4.5,0.9,10.2,0.47,405,72
qwen38,down,q2_0,20,prod,33.3,25.6,12.8,4.5,0.8,12.2,0.83,359,72
qwen38,down,q2_0,20,prod+pin,41.0,33.9,18.5,4.1,1.5,13.1,0.94,249,72
qwen38,down,q2_0,20,prod+pinE,36.0,26.1,14.7,4.9,3.7,10.4,0.60,314,72
qwen38,down,q2_0,20,prod+pinS,38.6,26.6,13.1,4.7,1.2,10.0,0.57,352,72
qwen38,down,q2_0,20,q2,41.0,34.0,23.6,4.6,3.3,21.2,1.04,195,72
qwen38,down,q2_0,20,q2+pin,42.7,35.6,23.9,7.8,2.1,18.6,0.93,193,72
qwen38,down,q2_0,20,read,43.6,32.5,22.1,10.5,5.6,19.7,,208,72
qwen38,down,q2_0,20,read+pin,42.0,35.6,21.6,12.5,0.9,20.2,,214,72
qwen38,down,q2_0,20,vecdot,37.4,24.9,13.2,5.4,1.9,12.1,0.64,349,72
qwen38,down,q2_0,20,vecdot+pin,36.9,27.3,13.9,7.1,1.2,12.2,0.65,332,72
qwen38,down,q2_0,22,prod,51.3,47.2,17.1,5.5,3.4,11.7,0.82,269,72
qwen38,down,q2_0,22,prod+pin,50.6,47.1,22.0,2.8,0.6,12.7,0.89,210,72
qwen38,down,q2_0,22,prod+pinE,37.6,32.0,15.8,4.3,3.3,11.1,0.70,292,72
qwen38,down,q2_0,22,prod+pinS,51.3,45.0,20.6,4.5,1.2,12.3,0.96,224,72
qwen38,down,q2_0,22,q2,51.4,41.5,25.5,7.8,1.5,22.3,0.90,180,72
qwen38,down,q2_0,22,q2+pin,54.6,44.4,29.1,8.1,3.2,24.0,0.98,159,72
qwen38,down,q2_0,22,read,47.7,45.2,31.6,11.6,2.5,23.8,,146,72
qwen38,down,q2_0,22,read+pin,48.1,45.9,33.3,12.4,0.8,27.5,,138,72
qwen38,down,q2_0,22,vecdot,43.6,38.9,15.7,8.1,3.8,13.9,0.47,294,72
qwen38,down,q2_0,22,vecdot+pin,44.9,41.5,15.4,9.3,4.8,17.2,0.89,299,72
qwen38,down,q2_0,24,prod,39.4,22.3,10.9,5.4,0.9,10.1,0.56,421,72
qwen38,down,q2_0,24,prod+pin,50.2,35.5,10.7,3.7,1.4,9.4,0.54,430,72
qwen38,down,q2_0,24,prod+pinE,36.2,29.3,10.1,4.8,2.3,8.8,0.50,456,72
qwen38,down,q2_0,24,prod+pinS,39.3,26.5,12.1,2.6,0.4,9.3,0.56,381,72
qwen38,down,q2_0,24,q2,42.7,35.0,24.0,8.9,1.6,19.8,1.20,192,72
qwen38,down,q2_0,24,q2+pin,41.4,37.0,25.7,6.8,1.7,20.1,1.18,179,72
qwen38,down,q2_0,24,read,40.8,35.9,20.1,10.4,0.8,17.5,,230,72
qwen38,down,q2_0,24,read+pin,43.5,37.9,23.7,10.3,1.3,20.2,,195,72
qwen38,down,q2_0,24,vecdot,33.8,24.7,13.1,5.0,0.9,12.0,0.59,352,72
qwen38,down,q2_0,24,vecdot+pin,34.2,23.7,12.1,5.6,1.3,11.8,0.50,382,72
qwen38,down,q8_0,8,prod,29.9,24.3,18.8,8.6,4.8,17.2,0.64,928,72
qwen38,down,q8_0,8,prod+pin,43.6,30.2,18.4,11.4,4.5,17.6,0.57,944,72
qwen38,down,q8_0,8,prod+pinE,32.3,26.8,18.3,10.3,4.8,17.7,0.51,951,72
qwen38,down,q8_0,8,prod+pinS,29.4,25.4,18.8,9.7,3.7,18.8,0.59,927,72
qwen38,down,q8_0,8,q8_4row,36.6,27.1,17.6,11.0,2.6,16.6,0.67,989,72
qwen38,down,q8_0,8,q8_4row_pf,33.9,28.5,18.7,8.7,3.0,16.5,0.65,933,72
qwen38,down,q8_0,8,read,42.8,38.3,28.3,13.0,4.8,25.7,,614,72
qwen38,down,q8_0,8,read+pin,46.3,42.3,34.3,8.4,2.0,29.4,,507,72
qwen38,down,q8_0,8,vecdot,37.6,30.6,20.8,13.7,3.2,20.3,0.72,836,72
qwen38,down,q8_0,8,vecdot+pin,41.2,36.1,27.8,6.2,1.5,18.6,0.79,626,72
qwen38,down,q8_0,12,prod,40.6,35.2,23.9,14.2,8.2,22.6,0.73,727,72
qwen38,down,q8_0,12,prod+pin,46.8,33.8,18.9,11.8,3.8,19.6,0.46,921,72
qwen38,down,q8_0,12,prod+pinE,45.1,33.3,23.3,14.5,11.3,21.5,0.50,748,72
qwen38,down,q8_0,12,prod+pinS,44.1,37.0,21.3,12.7,5.0,21.8,0.49,818,72
qwen38,down,q8_0,12,q8_4row,43.5,37.0,27.7,14.1,5.6,27.2,0.81,628,72
qwen38,down,q8_0,12,q8_4row_pf,43.6,38.7,30.3,19.1,7.0,28.9,0.91,574,72
qwen38,down,q8_0,12,read,49.8,43.8,32.0,17.1,5.1,31.1,,544,72
qwen38,down,q8_0,12,read+pin,56.3,50.1,42.7,29.3,16.4,42.6,,408,72
qwen38,down,q8_0,12,vecdot,48.1,34.4,25.7,16.1,11.0,24.8,0.77,676,72
qwen38,down,q8_0,12,vecdot+pin,51.1,44.7,36.6,23.0,3.9,35.5,0.86,475,72
qwen38,down,q8_0,16,prod,46.3,34.7,20.2,12.5,3.9,20.2,0.54,863,72
qwen38,down,q8_0,16,prod+pin,52.6,34.5,21.4,8.3,2.5,20.8,0.51,812,72
qwen38,down,q8_0,16,prod+pinE,40.1,34.7,19.0,11.6,4.8,20.0,0.45,915,72
qwen38,down,q8_0,16,prod+pinS,51.2,36.9,20.8,13.1,4.9,19.3,0.50,836,72
qwen38,down,q8_0,16,q8_4row,47.3,37.6,23.9,15.4,3.2,24.2,0.70,728,72
qwen38,down,q8_0,16,q8_4row_pf,49.1,42.2,30.4,17.4,7.7,26.8,0.83,574,72
qwen38,down,q8_0,16,read,54.8,46.4,36.1,21.1,2.4,30.3,,483,72
qwen38,down,q8_0,16,read+pin,61.7,54.7,43.9,19.7,1.7,40.4,,397,72
qwen38,down,q8_0,16,vecdot,49.9,35.9,25.6,16.9,5.7,25.2,0.72,679,72
qwen38,down,q8_0,16,vecdot+pin,56.3,48.7,38.2,10.6,1.2,35.4,0.82,456,72
qwen38,down,q8_0,20,prod,57.8,47.8,33.4,16.5,3.8,28.8,0.80,522,72
qwen38,down,q8_0,20,prod+pin,63.2,49.6,30.3,16.1,4.7,27.2,0.66,575,72
qwen38,down,q8_0,20,prod+pinE,55.0,50.5,28.8,11.9,5.1,21.5,0.61,605,72
qwen38,down,q8_0,20,prod+pinS,64.8,53.9,31.0,8.9,1.2,27.7,0.72,562,72
qwen38,down,q8_0,20,q8_4row,55.2,46.4,36.0,16.8,6.6,33.7,0.89,484,72
qwen38,down,q8_0,20,q8_4row_pf,54.4,47.9,32.0,15.7,3.7,29.3,0.95,544,72
qwen38,down,q8_0,20,read,60.3,53.9,39.6,19.6,6.3,37.3,,440,72
qwen38,down,q8_0,20,read+pin,65.3,58.8,49.9,25.1,4.9,42.7,,349,72
qwen38,down,q8_0,20,vecdot,56.6,47.9,35.0,18.4,5.6,31.4,0.87,498,72
qwen38,down,q8_0,20,vecdot+pin,59.8,52.8,43.1,25.2,5.3,38.5,0.91,404,72
qwen38,down,q8_0,22,prod,71.4,65.3,42.9,20.7,12.3,34.2,0.94,406,72
qwen38,down,q8_0,22,prod+pin,75.0,65.7,46.7,13.0,2.0,31.1,0.84,373,72
qwen38,down,q8_0,22,prod+pinE,62.1,57.9,36.7,12.7,0.2,27.3,0.73,474,72
qwen38,down,q8_0,22,prod+pinS,76.8,67.6,42.8,17.3,10.9,33.3,0.73,407,72
qwen38,down,q8_0,22,q8_4row,65.5,60.4,40.9,18.3,15.7,37.8,0.92,425,72
qwen38,down,q8_0,22,q8_4row_pf,76.8,66.1,40.9,17.8,5.1,30.8,0.94,426,72
qwen38,down,q8_0,22,read,74.1,65.4,47.2,19.2,3.5,40.6,,369,72
qwen38,down,q8_0,22,read+pin,74.1,69.9,55.1,33.2,10.5,50.8,,316,72
qwen38,down,q8_0,22,vecdot,64.6,57.7,44.0,19.6,16.1,39.0,0.87,396,72
qwen38,down,q8_0,22,vecdot+pin,70.9,59.3,51.3,26.1,8.4,40.7,0.86,339,72
qwen38,down,q8_0,24,prod,58.3,48.0,23.1,12.3,2.3,20.9,0.68,755,72
qwen38,down,q8_0,24,prod+pin,73.6,56.6,32.8,6.4,1.8,28.2,0.63,532,72
qwen38,down,q8_0,24,prod+pinE,56.1,47.2,31.3,13.1,8.9,24.1,0.62,556,72
qwen38,down,q8_0,24,prod+pinS,74.2,59.3,25.4,8.9,2.4,23.0,0.57,687,72
qwen38,down,q8_0,24,q8_4row,60.2,52.6,32.5,19.6,11.9,31.5,1.02,536,72
qwen38,down,q8_0,24,q8_4row_pf,61.0,51.5,33.5,16.7,3.7,32.4,0.98,520,72
qwen38,down,q8_0,24,read,65.0,56.2,36.6,18.2,5.7,36.4,,475,72
qwen38,down,q8_0,24,read+pin,71.2,63.2,46.8,13.9,2.5,38.9,,372,72
qwen38,down,q8_0,24,vecdot,56.8,48.4,33.7,17.2,5.1,26.7,0.88,519,72
qwen38,down,q8_0,24,vecdot+pin,67.2,59.5,48.7,24.2,4.5,41.8,0.94,358,72
qwen38,gate,iq3_xxs,8,prod,29.8,20.8,11.2,6.0,1.2,10.1,0.46,560,72
qwen38,gate,iq3_xxs,8,prod+pin,24.5,18.6,9.7,2.1,1.6,8.4,0.28,648,72
qwen38,gate,iq3_xxs,8,prod+pinE,26.5,20.7,12.4,5.8,2.0,10.2,0.39,508,72
qwen38,gate,iq3_xxs,8,prod+pinS,31.3,19.0,9.4,2.6,1.6,8.4,0.27,665,72
qwen38,gate,iq3_xxs,8,read,44.1,38.7,25.0,12.5,6.3,24.0,,251,72
qwen38,gate,iq3_xxs,8,read+pin,49.8,43.7,36.9,19.1,3.0,34.8,,170,72
qwen38,gate,iq3_xxs,8,vecdot,28.5,25.4,16.6,8.2,0.2,12.8,0.58,378,72
qwen38,gate,iq3_xxs,8,vecdot+pin,32.9,28.8,21.6,11.6,2.6,18.2,0.64,290,72
qwen38,gate,iq3_xxs,12,prod,38.8,27.4,16.4,8.6,5.8,15.6,0.55,382,72
qwen38,gate,iq3_xxs,12,prod+pin,36.7,24.9,16.0,9.1,1.6,14.1,0.45,391,72
qwen38,gate,iq3_xxs,12,prod+pinE,41.8,34.0,23.9,6.0,0.0,17.4,0.68,262,72
qwen38,gate,iq3_xxs,12,prod+pinS,42.9,31.6,21.2,10.2,5.3,20.2,0.64,296,72
qwen38,gate,iq3_xxs,12,read,51.1,45.0,32.7,21.0,1.2,29.4,,192,72
qwen38,gate,iq3_xxs,12,read+pin,52.0,47.0,34.6,20.6,3.6,32.3,,181,72
qwen38,gate,iq3_xxs,12,vecdot,34.9,28.6,17.7,10.6,6.3,16.3,0.56,355,72
qwen38,gate,iq3_xxs,12,vecdot+pin,39.8,33.2,24.2,13.2,2.0,21.3,0.70,259,72
qwen38,gate,iq3_xxs,16,prod,41.8,35.4,18.9,7.1,4.8,17.5,0.62,332,72
qwen38,gate,iq3_xxs,16,prod+pin,41.8,34.0,17.0,6.3,0.5,14.0,0.49,369,72
qwen38,gate,iq3_xxs,16,prod+pinE,52.6,42.6,26.0,7.3,5.6,16.1,0.65,241,72
qwen38,gate,iq3_xxs,16,prod+pinS,54.0,40.2,17.1,7.0,2.0,14.5,0.62,367,72
qwen38,gate,iq3_xxs,16,read,58.4,47.0,32.3,17.3,0.8,28.7,,194,72
qwen38,gate,iq3_xxs,16,read+pin,59.4,51.7,39.1,20.8,2.4,39.7,,160,72
qwen38,gate,iq3_xxs,16,vecdot,41.7,33.6,19.0,10.7,1.7,17.1,0.60,329,72
qwen38,gate,iq3_xxs,16,vecdot+pin,44.3,38.7,26.7,10.8,3.2,23.0,0.67,235,72
qwen38,gate,iq3_xxs,20,prod,55.7,39.6,15.3,6.1,1.2,15.7,0.47,410,72
qwen38,gate,iq3_xxs,20,prod+pin,53.4,30.0,13.9,6.6,1.9,11.3,0.39,450,72
qwen38,gate,iq3_xxs,20,prod+pinE,48.5,35.7,19.4,6.0,2.3,14.7,0.60,323,72
qwen38,gate,iq3_xxs,20,prod+pinS,55.7,42.1,18.9,6.2,1.2,14.6,0.54,334,72
qwen38,gate,iq3_xxs,20,read,59.6,46.5,36.4,15.9,1.8,33.0,,173,72
qwen38,gate,iq3_xxs,20,read+pin,60.3,53.2,34.1,20.6,4.7,33.2,,184,72
qwen38,gate,iq3_xxs,20,vecdot,53.2,46.9,31.3,9.6,1.9,28.3,0.84,200,72
qwen38,gate,iq3_xxs,20,vecdot+pin,47.9,40.4,24.6,9.9,0.4,20.4,0.69,255,72
qwen38,gate,iq3_xxs,22,prod,51.8,40.1,24.9,6.0,1.9,22.5,0.62,252,72
qwen38,gate,iq3_xxs,22,prod+pin,53.5,40.0,21.2,8.5,6.0,19.7,0.55,297,72
qwen38,gate,iq3_xxs,22,prod+pinE,47.3,39.8,19.4,5.5,1.3,13.0,0.63,323,72
qwen38,gate,iq3_xxs,22,prod+pinS,62.8,50.8,28.4,9.4,1.1,21.1,0.59,221,72
qwen38,gate,iq3_xxs,22,read,64.0,55.7,41.3,20.2,12.2,37.9,,152,72
qwen38,gate,iq3_xxs,22,read+pin,64.5,57.8,46.4,21.2,9.1,43.0,,135,72
qwen38,gate,iq3_xxs,22,vecdot,52.5,45.2,28.1,7.7,1.0,22.5,0.72,223,72
qwen38,gate,iq3_xxs,22,vecdot+pin,57.1,48.1,34.1,14.4,3.8,27.4,0.77,184,72
qwen38,gate,iq3_xxs,24,prod,54.1,35.4,19.5,9.1,2.4,17.7,0.61,322,72
qwen38,gate,iq3_xxs,24,prod+pin,62.5,38.3,17.3,7.0,2.1,14.8,0.38,363,72
qwen38,gate,iq3_xxs,24,prod+pinE,50.6,34.3,19.5,7.0,5.6,13.8,0.56,322,72
qwen38,gate,iq3_xxs,24,prod+pinS,61.1,35.4,19.2,7.2,1.8,15.3,0.63,326,72
qwen38,gate,iq3_xxs,24,read,65.8,56.1,34.8,17.1,11.3,28.8,,180,72
qwen38,gate,iq3_xxs,24,read+pin,66.1,57.1,37.3,21.8,2.2,35.4,,168,72
qwen38,gate,iq3_xxs,24,vecdot,55.6,47.4,32.8,10.8,7.5,23.8,1.03,191,72
qwen38,gate,iq3_xxs,24,vecdot+pin,58.5,49.2,29.6,12.4,4.4,23.7,0.74,212,72
qwen38,gate,iq4_nl,8,prod,29.1,23.6,16.4,9.5,2.7,15.6,0.48,563,72
qwen38,gate,iq4_nl,8,prod+pin,40.3,26.7,16.3,9.4,6.1,15.7,0.42,565,72
qwen38,gate,iq4_nl,8,prod+pinE,31.9,23.5,15.8,7.4,3.3,13.2,0.44,583,72
qwen38,gate,iq4_nl,8,prod+pinS,31.9,28.9,17.2,8.4,1.0,15.7,0.46,535,72
qwen38,gate,iq4_nl,8,r8,42.2,37.4,23.4,11.9,3.4,22.4,0.81,395,72
qwen38,gate,iq4_nl,8,r8+pin,43.0,38.4,30.6,15.7,3.3,26.5,0.77,301,72
qwen38,gate,iq4_nl,8,read,49.1,43.7,33.3,19.0,8.8,33.2,,277,72
qwen38,gate,iq4_nl,8,read+pin,49.5,46.7,38.7,21.8,3.3,37.5,,238,72
qwen38,gate,iq4_nl,8,vecdot,37.0,30.9,18.5,9.7,3.0,17.1,0.65,498,72
qwen38,gate,iq4_nl,8,vecdot+pin,38.9,34.9,27.2,14.6,1.2,24.9,0.70,339,72
qwen38,gate,iq4_nl,12,prod,43.0,32.8,20.7,11.3,5.1,19.7,0.69,446,72
qwen38,gate,iq4_nl,12,prod+pin,46.6,34.1,21.0,10.0,0.8,18.9,0.54,438,72
qwen38,gate,iq4_nl,12,prod+pinE,47.6,37.1,26.9,9.2,5.9,18.8,0.65,342,72
qwen38,gate,iq4_nl,12,prod+pinS,41.8,35.6,21.0,8.7,1.0,17.9,0.55,440,72
qwen38,gate,iq4_nl,12,r8,47.8,39.4,25.6,14.6,6.0,23.3,0.86,361,72
qwen38,gate,iq4_nl,12,r8+pin,53.8,46.2,30.2,14.4,6.1,28.6,0.78,306,72
qwen38,gate,iq4_nl,12,read,48.9,44.9,32.7,21.9,7.9,29.7,,282,72
qwen38,gate,iq4_nl,12,read+pin,55.9,48.1,39.4,22.5,4.9,36.5,,234,72
qwen38,gate,iq4_nl,12,vecdot,39.8,33.5,22.3,14.3,4.2,21.3,0.71,413,72
qwen38,gate,iq4_nl,12,vecdot+pin,49.7,42.9,33.5,18.5,2.2,31.8,0.85,275,72
qwen38,gate,iq4_nl,16,prod,44.9,30.3,18.2,5.9,1.7,15.1,0.60,508,72
qwen38,gate,iq4_nl,16,prod+pin,53.7,35.8,18.3,3.9,0.7,14.9,0.51,505,72
qwen38,gate,iq4_nl,16,prod+pinE,52.0,42.1,21.2,8.9,4.0,14.8,0.54,436,72
qwen38,gate,iq4_nl,16,prod+pinS,54.0,43.1,25.9,8.1,2.6,19.6,0.62,356,72
qwen38,gate,iq4_nl,16,r8,54.3,43.6,27.9,12.4,1.6,23.3,0.93,331,72
qwen38,gate,iq4_nl,16,r8+pin,53.7,47.4,34.6,15.2,1.4,26.7,0.94,267,72
qwen38,gate,iq4_nl,16,read,55.8,50.6,31.7,14.9,0.6,29.6,,290,72
qwen38,gate,iq4_nl,16,read+pin,56.8,52.9,40.7,16.3,2.0,36.7,,226,72
qwen38,gate,iq4_nl,16,vecdot,52.8,42.0,19.2,8.8,0.7,16.9,0.81,480,72
qwen38,gate,iq4_nl,16,vecdot+pin,53.1,46.7,34.6,12.9,0.9,29.3,0.80,267,72
qwen38,gate,iq4_nl,20,prod,54.3,43.3,24.4,9.1,3.8,24.5,0.78,378,72
qwen38,gate,iq4_nl,20,prod+pin,56.6,41.6,21.2,9.0,0.1,19.7,0.62,434,72
qwen38,gate,iq4_nl,20,prod+pinE,55.0,42.5,25.0,8.0,6.3,18.6,0.65,369,72
qwen38,gate,iq4_nl,20,prod+pinS,64.6,46.5,23.9,3.4,2.4,18.7,0.66,386,72
qwen38,gate,iq4_nl,20,r8,55.9,51.2,31.6,14.5,3.7,27.1,1.02,292,72
qwen38,gate,iq4_nl,20,r8+pin,63.3,53.9,37.5,20.3,14.2,33.0,1.04,246,72
qwen38,gate,iq4_nl,20,read,59.5,53.9,37.1,15.0,4.7,33.8,,248,72
qwen38,gate,iq4_nl,20,read+pin,64.7,54.9,38.8,19.3,5.5,35.1,,237,72
qwen38,gate,iq4_nl,20,vecdot,60.4,50.0,27.3,12.4,6.9,24.6,0.78,338,72
qwen38,gate,iq4_nl,20,vecdot+pin,58.6,51.0,40.6,13.6,0.8,29.7,0.87,227,72
qwen38,gate,iq4_nl,22,prod,57.4,43.4,27.9,11.8,1.7,21.8,0.66,330,72
qwen38,gate,iq4_nl,22,prod+pin,68.7,43.8,25.3,10.9,2.6,20.1,0.59,364,72
qwen38,gate,iq4_nl,22,prod+pinE,55.4,38.7,17.4,3.6,0.1,15.2,0.49,531,72
qwen38,gate,iq4_nl,22,prod+pinS,63.7,51.9,29.4,9.1,0.1,20.5,0.65,314,72
qwen38,gate,iq4_nl,22,r8,62.7,49.3,32.9,14.7,0.7,28.2,0.79,280,72
qwen38,gate,iq4_nl,22,r8+pin,62.7,51.5,41.4,15.1,3.4,32.2,0.93,222,72
qwen38,gate,iq4_nl,22,read,65.8,59.8,38.5,21.5,3.4,35.4,,240,72
qwen38,gate,iq4_nl,22,read+pin,67.6,57.9,42.6,25.5,3.3,39.2,,216,72
qwen38,gate,iq4_nl,22,vecdot,60.1,46.1,30.5,11.7,8.6,26.5,0.73,302,72
qwen38,gate,iq4_nl,22,vecdot+pin,64.4,53.6,34.1,19.7,6.8,32.8,0.87,270,72
qwen38,gate,iq4_nl,24,prod,67.0,40.3,20.2,9.8,0.6,17.6,0.56,457,72
qwen38,gate,iq4_nl,24,prod+pin,63.2,51.1,25.0,9.6,1.7,21.7,0.65,369,72
qwen38,gate,iq4_nl,24,prod+pinE,51.7,40.5,21.4,7.9,6.6,14.8,0.53,430,72
qwen38,gate,iq4_nl,24,prod+pinS,71.3,53.7,24.6,9.7,1.6,21.2,0.66,374,72
qwen38,gate,iq4_nl,24,r8,62.3,53.0,34.8,14.0,2.9,28.8,0.92,265,72
qwen38,gate,iq4_nl,24,r8+pin,65.4,56.9,32.7,17.8,3.1,28.3,0.82,282,72
qwen38,gate,iq4_nl,24,read,65.9,57.9,39.3,22.7,17.1,34.0,,234,72
qwen38,gate,iq4_nl,24,read+pin,68.6,59.4,42.9,24.0,16.8,38.1,,215,72
qwen38,gate,iq4_nl,24,vecdot,58.6,48.3,34.6,12.2,2.9,27.9,0.90,267,72
qwen38,gate,iq4_nl,24,vecdot+pin,64.3,55.8,37.5,13.0,3.8,31.9,0.86,246,72
qwen38,gate,mxfp4,8,mx16,18.1,17.1,11.5,5.5,2.5,10.2,0.38,754,72
qwen38,gate,mxfp4,8,mx16+pin,21.6,20.0,16.7,9.3,1.7,15.6,0.43,520,72
qwen38,gate,mxfp4,8,mx8,33.8,31.1,24.0,13.1,6.2,21.3,0.79,362,72
qwen38,gate,mxfp4,8,mx8+pin,38.4,35.0,28.6,17.1,4.0,25.9,0.81,305,72
qwen38,gate,mxfp4,8,prod,19.5,15.5,8.9,3.9,2.1,9.2,0.30,974,72
qwen38,gate,mxfp4,8,prod+pin,18.7,13.2,7.6,2.2,0.1,6.4,0.23,1152,72
qwen38,gate,mxfp4,8,prod+pinE,27.6,21.7,9.9,5.4,0.1,9.4,0.30,880,72
qwen38,gate,mxfp4,8,prod+pinS,19.2,14.6,8.5,4.1,0.0,9.3,0.26,1028,72
qwen38,gate,mxfp4,8,r8,38.9,32.5,24.5,8.4,2.5,20.2,0.81,356,72
qwen38,gate,mxfp4,8,r8+pin,39.7,35.6,28.7,13.4,5.5,25.0,0.81,303,72
qwen38,gate,mxfp4,8,read,45.6,41.4,30.9,17.7,5.0,28.2,,282,72
qwen38,gate,mxfp4,8,read+pin,50.8,45.5,37.0,17.6,1.8,32.9,,235,72
qwen38,gate,mxfp4,8,vecdot,34.0,29.3,17.8,9.0,2.8,18.0,0.63,489,72
qwen38,gate,mxfp4,8,vecdot+pin,37.7,32.9,25.7,11.3,1.5,20.7,0.69,339,72
qwen38,gate,mxfp4,12,mx16,31.5,24.7,15.2,6.3,3.0,12.8,0.47,574,72
qwen38,gate,mxfp4,12,mx16+pin,34.0,27.9,21.8,7.6,1.6,19.4,0.50,400,72
qwen38,gate,mxfp4,12,mx8,39.3,33.7,21.0,10.4,1.8,18.8,0.63,414,72
qwen38,gate,mxfp4,12,mx8+pin,45.3,39.9,32.0,16.6,6.4,26.7,0.86,272,72
qwen38,gate,mxfp4,12,prod,29.8,21.3,12.0,6.9,4.1,11.1,0.33,725,72
qwen38,gate,mxfp4,12,prod+pin,30.5,22.7,10.4,6.3,1.5,9.7,0.29,838,72
qwen38,gate,mxfp4,12,prod+pinE,37.0,25.9,12.4,7.8,6.2,12.2,0.33,700,72
qwen38,gate,mxfp4,12,prod+pinS,33.7,26.3,11.5,2.3,0.9,9.8,0.30,756,72
qwen38,gate,mxfp4,12,r8,47.1,39.8,27.8,10.8,3.3,25.3,0.94,313,72
qwen38,gate,mxfp4,12,r8+pin,48.0,43.7,35.0,16.2,4.2,31.8,0.91,249,72
qwen38,gate,mxfp4,12,read,52.3,47.3,32.9,16.3,4.1,28.7,,265,72
qwen38,gate,mxfp4,12,read+pin,54.8,51.5,39.5,21.9,1.7,35.2,,220,72
qwen38,gate,mxfp4,12,vecdot,42.9,36.5,22.7,12.2,2.8,20.6,0.74,384,72
qwen38,gate,mxfp4,12,vecdot+pin,45.9,41.3,30.5,15.5,1.6,28.9,0.79,286,72
qwen38,gate,mxfp4,16,mx16,40.1,31.9,17.4,8.5,2.5,17.3,0.67,499,72
qwen38,gate,mxfp4,16,mx16+pin,43.0,36.0,26.9,9.7,1.6,22.4,0.60,324,72
qwen38,gate,mxfp4,16,mx8,49.9,41.2,20.2,10.6,1.8,18.8,0.73,432,72
qwen38,gate,mxfp4,16,mx8+pin,50.1,45.9,32.4,16.4,2.0,27.2,0.83,269,72
qwen38,gate,mxfp4,16,prod,37.2,24.7,11.9,3.3,1.9,12.2,0.41,731,72
qwen38,gate,mxfp4,16,prod+pin,39.3,19.2,8.8,2.8,1.6,8.9,0.23,984,72
qwen38,gate,mxfp4,16,prod+pinE,47.1,35.1,13.8,4.4,2.1,11.9,0.33,634,72
qwen38,gate,mxfp4,16,prod+pinS,45.7,36.2,13.8,6.8,2.2,14.0,0.39,631,72
qwen38,gate,mxfp4,16,r8,53.7,45.1,32.4,11.2,1.4,26.1,1.03,269,72
qwen38,gate,mxfp4,16,r8+pin,54.6,48.5,32.2,10.9,3.4,27.5,0.84,271,72
qwen38,gate,mxfp4,16,read,52.6,45.2,30.2,13.3,5.1,27.8,,288,72
qwen38,gate,mxfp4,16,read+pin,60.0,53.5,44.2,18.9,3.6,41.5,,197,72
qwen38,gate,mxfp4,16,vecdot,45.4,39.0,25.5,11.2,3.1,21.4,0.87,342,72
qwen38,gate,mxfp4,16,vecdot+pin,50.7,44.5,33.5,11.7,2.7,27.9,0.82,260,72
qwen38,gate,mxfp4,20,mx16,44.8,34.4,23.5,9.7,1.6,21.4,0.61,371,72
qwen38,gate,mxfp4,20,mx16+pin,50.2,42.2,27.5,11.0,1.4,22.7,0.68,317,72
qwen38,gate,mxfp4,20,mx8,56.7,46.5,32.8,12.8,3.0,28.0,1.15,266,72
qwen38,gate,mxfp4,20,mx8+pin,61.0,50.2,35.4,14.3,0.4,28.2,0.82,246,72
qwen38,gate,mxfp4,20,prod,44.5,29.2,15.3,6.3,2.5,14.0,0.56,569,72
qwen38,gate,mxfp4,20,prod+pin,45.0,36.7,18.3,6.0,1.5,15.1,0.48,475,72
qwen38,gate,mxfp4,20,prod+pinE,49.5,42.9,17.9,8.1,5.5,15.8,0.47,487,72
qwen38,gate,mxfp4,20,prod+pinS,50.5,41.1,23.3,5.4,2.0,16.7,0.51,373,72
qwen38,gate,mxfp4,20,r8,57.7,46.8,33.0,12.8,9.5,27.9,0.96,264,72
qwen38,gate,mxfp4,20,r8+pin,59.2,50.4,35.1,16.9,5.6,31.5,0.88,248,72
qwen38,gate,mxfp4,20,read,60.4,53.4,31.0,16.7,5.0,28.4,,281,72
qwen38,gate,mxfp4,20,read+pin,61.7,58.5,38.9,22.0,2.5,38.0,,224,72
qwen38,gate,mxfp4,20,vecdot,52.7,44.0,28.3,11.4,1.6,25.0,0.87,308,72
qwen38,gate,mxfp4,20,vecdot+pin,57.2,47.8,36.7,12.3,2.8,29.0,0.90,237,72
qwen38,gate,mxfp4,22,mx16,50.2,37.1,24.5,9.4,2.6,18.4,0.54,356,72
qwen38,gate,mxfp4,22,mx16+pin,48.2,42.0,29.4,10.4,2.7,25.2,0.75,296,72
qwen38,gate,mxfp4,22,mx8,58.8,52.7,22.5,11.9,5.2,23.4,0.62,388,72
qwen38,gate,mxfp4,22,mx8+pin,60.2,50.8,39.7,18.2,7.3,38.0,0.99,219,72
qwen38,gate,mxfp4,22,prod,47.4,32.3,18.2,8.7,6.0,15.1,0.43,478,72
qwen38,gate,mxfp4,22,prod+pin,47.7,36.7,20.0,8.1,1.3,17.2,0.65,436,72
qwen38,gate,mxfp4,22,prod+pinE,48.2,39.7,17.5,6.6,5.2,12.6,0.44,496,72
qwen38,gate,mxfp4,22,prod+pinS,60.9,50.2,19.1,4.0,0.6,15.5,0.51,455,72
qwen38,gate,mxfp4,22,r8,58.5,48.9,34.9,14.4,9.0,26.9,0.80,249,72
qwen38,gate,mxfp4,22,r8+pin,60.2,54.4,38.0,14.5,1.8,27.5,0.97,229,72
qwen38,gate,mxfp4,22,read,63.8,56.8,44.4,21.9,6.7,37.7,,196,72
qwen38,gate,mxfp4,22,read+pin,63.5,55.4,36.8,19.1,3.8,35.5,,236,72
qwen38,gate,mxfp4,22,vecdot,51.7,47.0,32.4,14.9,0.9,26.4,0.77,269,72
qwen38,gate,mxfp4,22,vecdot+pin,60.6,52.0,38.5,18.7,1.1,30.1,0.93,226,72
qwen38,gate,mxfp4,24,mx16,51.0,43.1,28.6,10.6,2.3,23.6,0.63,305,72
qwen38,gate,mxfp4,24,mx16+pin,54.5,48.6,33.2,12.3,2.2,24.5,1.01,262,72
qwen38,gate,mxfp4,24,mx8,67.3,52.3,29.7,13.6,1.4,25.7,0.74,293,72
qwen38,gate,mxfp4,24,mx8+pin,65.2,51.4,37.9,19.0,6.0,32.9,0.97,230,72
qwen38,gate,mxfp4,24,prod,40.6,33.7,21.3,7.2,1.2,15.4,0.55,408,72
qwen38,gate,mxfp4,24,prod+pin,66.7,45.9,24.8,5.4,2.1,20.6,0.74,351,72
qwen38,gate,mxfp4,24,prod+pinE,49.7,40.3,16.1,6.5,4.5,12.7,0.43,541,72
qwen38,gate,mxfp4,24,prod+pinS,57.4,39.1,20.4,5.3,2.6,17.9,0.52,428,72
qwen38,gate,mxfp4,24,r8,63.7,52.0,34.2,21.7,10.1,31.9,0.84,254,72
qwen38,gate,mxfp4,24,r8+pin,65.6,58.8,39.6,19.2,12.0,32.7,1.18,220,72
qwen38,gate,mxfp4,24,read,67.5,56.8,41.1,21.6,2.6,37.5,,212,72
qwen38,gate,mxfp4,24,read+pin,62.0,53.1,35.8,19.1,2.1,33.8,,243,72
qwen38,gate,mxfp4,24,vecdot,60.6,48.8,31.8,12.0,3.0,25.9,0.74,273,72
qwen38,gate,mxfp4,24,vecdot+pin,66.7,54.4,39.0,16.4,1.9,34.8,1.02,223,72
qwen38,gate,q2_0,8,prod,17.0,12.9,8.5,1.9,1.4,7.7,0.31,540,72
qwen38,gate,q2_0,8,prod+pin,24.8,15.3,8.8,4.3,2.9,7.9,0.32,524,72
qwen38,gate,q2_0,8,prod+pinE,20.5,17.4,7.1,1.6,1.2,6.3,0.26,649,72
qwen38,gate,q2_0,8,prod+pinS,17.9,13.6,6.7,3.9,1.4,6.5,0.23,693,72
qwen38,gate,q2_0,8,q2,32.7,28.0,16.0,6.1,1.3,14.4,0.69,288,72
qwen38,gate,q2_0,8,q2+pin,34.5,29.3,21.5,8.4,3.4,19.9,0.72,215,72
qwen38,gate,q2_0,8,read,46.0,39.0,28.5,12.6,1.6,26.4,,162,72
qwen38,gate,q2_0,8,read+pin,44.6,37.5,29.1,18.4,12.0,28.1,,158,72
qwen38,gate,q2_0,8,vecdot,23.8,19.8,10.5,4.9,0.6,9.0,0.41,438,72
qwen38,gate,q2_0,8,vecdot+pin,23.8,22.0,16.0,6.3,2.0,13.0,0.57,288,72
qwen38,gate,q2_0,12,prod,26.7,20.0,12.0,4.6,1.3,10.4,0.38,385,72
qwen38,gate,q2_0,12,prod+pin,26.5,25.1,13.8,2.0,0.6,11.5,0.38,334,72
qwen38,gate,q2_0,12,prod+pinE,27.0,19.2,7.0,4.1,3.6,6.6,0.22,660,72
qwen38,gate,q2_0,12,prod+pinS,27.0,20.7,6.8,1.5,1.2,5.9,0.21,675,72
qwen38,gate,q2_0,12,q2,40.4,34.2,22.8,10.7,6.0,19.5,0.76,202,72
qwen38,gate,q2_0,12,q2+pin,41.8,34.5,25.4,11.0,1.5,21.8,0.69,181,72
qwen38,gate,q2_0,12,read,49.9,37.9,27.4,20.0,3.8,27.2,,168,72
qwen38,gate,q2_0,12,read+pin,53.5,43.7,34.6,23.2,6.0,32.9,,133,72
qwen38,gate,q2_0,12,vecdot,29.4,25.8,16.5,4.8,1.7,12.9,0.57,280,72
qwen38,gate,q2_0,12,vecdot+pin,32.5,27.2,17.4,10.4,1.7,16.1,0.47,265,72
qwen38,gate,q2_0,16,prod,26.7,20.2,10.2,4.6,0.9,10.6,0.42,450,72
qwen38,gate,q2_0,16,prod+pin,34.6,20.3,7.9,1.9,0.9,7.7,0.30,586,72
qwen38,gate,q2_0,16,prod+pinE,27.0,19.8,7.9,4.1,1.7,6.9,0.24,587,72
qwen38,gate,q2_0,16,prod+pinS,37.6,26.4,8.2,3.3,0.7,7.3,0.30,561,72
qwen38,gate,q2_0,16,q2,41.7,35.0,18.4,7.0,2.2,17.7,0.80,250,72
qwen38,gate,q2_0,16,q2+pin,45.2,36.1,24.2,10.0,1.0,21.6,0.64,190,72
qwen38,gate,q2_0,16,read,52.4,42.4,25.3,12.8,3.2,23.2,,182,72
qwen38,gate,q2_0,16,read+pin,58.5,45.0,28.4,17.0,2.4,27.3,,162,72
qwen38,gate,q2_0,16,vecdot,32.0,25.4,13.2,4.9,1.1,11.8,0.58,350,72
qwen38,gate,q2_0,16,vecdot+pin,35.4,29.6,18.8,8.0,1.5,14.7,0.49,245,72
qwen38,gate,q2_0,20,prod,40.2,30.9,14.3,5.9,4.1,11.5,0.50,322,72
qwen38,gate,q2_0,20,prod+pin,40.0,29.2,13.3,4.8,1.3,9.2,0.46,347,72
qwen38,gate,q2_0,20,prod+pinE,31.9,27.1,14.6,4.1,3.5,8.8,0.51,316,72
qwen38,gate,q2_0,20,prod+pinS,39.0,34.5,15.0,4.3,0.8,11.9,0.70,307,72
qwen38,gate,q2_0,20,q2,49.4,37.3,20.7,9.9,6.0,20.2,0.61,222,72
qwen38,gate,q2_0,20,q2+pin,57.2,43.5,28.0,13.3,2.2,23.8,0.91,164,72
qwen38,gate,q2_0,20,read,55.9,50.7,32.7,17.9,1.6,29.0,,141,72
qwen38,gate,q2_0,20,read+pin,60.6,47.0,27.7,19.0,6.9,26.4,,166,72
qwen38,gate,q2_0,20,vecdot,35.8,31.0,20.9,9.0,3.4,15.1,0.62,220,72
qwen38,gate,q2_0,20,vecdot+pin,44.4,34.1,18.6,7.9,2.8,17.2,0.64,248,72
qwen38,gate,q2_0,22,prod,38.3,31.8,15.9,4.2,1.0,12.9,0.50,293,72
qwen38,gate,q2_0,22,prod+pin,49.8,39.9,16.1,4.4,0.4,12.3,0.47,286,72
qwen38,gate,q2_0,22,prod+pinE,38.4,32.0,19.9,4.0,1.3,11.4,0.45,231,72
qwen38,gate,q2_0,22,prod+pinS,53.0,41.1,23.0,1.5,0.4,11.5,0.57,201,72
qwen38,gate,q2_0,22,q2,57.7,52.3,33.6,9.8,2.6,29.2,0.87,137,72
qwen38,gate,q2_0,22,q2+pin,56.9,51.7,34.0,16.6,8.4,29.5,0.79,136,72
qwen38,gate,q2_0,22,read,61.0,59.0,44.3,14.6,1.3,43.9,,104,72
qwen38,gate,q2_0,22,read+pin,70.7,61.7,45.5,24.6,1.5,44.3,,101,72
qwen38,gate,q2_0,22,vecdot,42.2,36.4,27.9,10.1,1.0,21.9,0.59,165,72
qwen38,gate,q2_0,22,vecdot+pin,43.9,37.5,25.2,9.1,1.9,20.7,0.58,183,72
qwen38,gate,q2_0,24,prod,47.6,31.4,13.0,5.0,1.3,12.2,0.47,354,72
qwen38,gate,q2_0,24,prod+pin,51.9,39.1,13.0,4.2,0.9,9.3,0.36,353,72
qwen38,gate,q2_0,24,prod+pinE,30.7,19.3,11.7,4.5,3.4,8.9,0.37,393,72
qwen38,gate,q2_0,24,prod+pinS,49.1,31.3,12.2,4.8,1.5,9.0,0.47,378,72
qwen38,gate,q2_0,24,q2,52.9,39.6,21.4,10.9,2.8,19.1,0.60,216,72
qwen38,gate,q2_0,24,q2+pin,62.3,49.2,30.9,14.0,7.4,27.0,0.96,149,72
qwen38,gate,q2_0,24,read,64.3,53.6,35.3,16.1,1.6,34.2,,130,72
qwen38,gate,q2_0,24,read+pin,62.2,54.0,31.7,18.6,2.2,31.1,,145,72
qwen38,gate,q2_0,24,vecdot,41.4,35.1,21.6,8.5,1.3,16.7,0.49,213,72
qwen38,gate,q2_0,24,vecdot+pin,42.3,37.4,23.8,7.9,0.6,18.1,0.69,193,72
qwen38,gate,q8_0,8,prod,35.3,27.7,20.2,10.8,5.2,17.9,0.60,862,72
qwen38,gate,q8_0,8,prod+pin,37.0,29.9,22.2,7.3,0.6,18.9,0.54,785,72
qwen38,gate,q8_0,8,prod+pinE,37.8,28.4,18.2,9.6,4.7,16.2,0.49,956,72
qwen38,gate,q8_0,8,prod+pinS,32.8,27.8,19.2,6.6,2.5,18.6,0.53,906,72
qwen38,gate,q8_0,8,q8_4row,40.1,32.2,21.2,11.5,4.9,20.0,0.64,822,72
qwen38,gate,q8_0,8,q8_4row_pf,39.3,35.8,20.1,10.3,3.0,19.4,0.74,865,72
qwen38,gate,q8_0,8,read,47.7,45.5,34.3,16.6,5.5,31.7,,507,72
qwen38,gate,q8_0,8,read+pin,51.8,51.0,42.5,20.6,3.2,37.8,,410,72
qwen38,gate,q8_0,8,vecdot,43.8,36.9,21.6,14.4,5.1,20.7,0.81,805,72
qwen38,gate,q8_0,8,vecdot+pin,44.6,40.0,32.6,8.8,2.1,30.5,0.76,535,72
qwen38,gate,q8_0,12,prod,46.3,35.1,20.7,13.8,0.1,21.0,0.64,841,72
qwen38,gate,q8_0,12,prod+pin,48.3,38.4,24.7,13.4,0.2,22.7,0.61,705,72
qwen38,gate,q8_0,12,prod+pinE,39.7,33.9,21.9,14.4,11.2,21.1,0.53,794,72
qwen38,gate,q8_0,12,prod+pinS,44.3,37.3,21.1,9.9,2.6,18.6,0.52,825,72
qwen38,gate,q8_0,12,q8_4row,48.2,41.8,26.5,14.1,2.8,25.4,0.80,657,72
qwen38,gate,q8_0,12,q8_4row_pf,53.7,39.6,28.9,18.6,10.2,28.2,0.93,603,72
qwen38,gate,q8_0,12,read,53.8,50.9,36.1,19.9,15.7,33.0,,482,72
qwen38,gate,q8_0,12,read+pin,57.4,54.8,45.2,22.7,4.8,39.4,,385,72
qwen38,gate,q8_0,12,vecdot,49.0,42.5,29.9,17.1,6.2,28.2,0.92,582,72
qwen38,gate,q8_0,12,vecdot+pin,53.5,47.5,41.0,18.5,3.7,35.8,0.90,425,72
qwen38,gate,q8_0,16,prod,43.1,39.8,24.9,12.5,2.5,22.7,0.84,700,72
qwen38,gate,q8_0,16,prod+pin,50.2,35.9,22.9,7.6,1.9,19.7,0.51,760,72
qwen38,gate,q8_0,16,prod+pinE,54.8,37.2,22.1,12.8,11.0,20.9,0.52,788,72
qwen38,gate,q8_0,16,prod+pinS,52.5,36.3,18.9,6.6,2.0,18.5,0.43,923,72
qwen38,gate,q8_0,16,q8_4row,56.2,41.8,23.7,13.8,5.2,24.0,0.90,735,72
qwen38,gate,q8_0,16,q8_4row_pf,53.0,43.6,28.6,15.4,4.6,26.3,1.05,610,72
qwen38,gate,q8_0,16,read,51.9,44.4,29.7,15.6,4.1,28.1,,586,72
qwen38,gate,q8_0,16,read+pin,63.1,56.8,45.4,25.9,3.5,42.0,,383,72
qwen38,gate,q8_0,16,vecdot,54.8,45.5,27.5,16.3,1.9,28.6,0.94,632,72
qwen38,gate,q8_0,16,vecdot+pin,57.3,53.0,45.3,21.6,2.1,36.8,1.01,384,72
qwen38,gate,q8_0,20,prod,57.6,47.9,21.6,7.4,1.2,23.4,0.89,805,72
qwen38,gate,q8_0,20,prod+pin,61.8,54.9,23.0,5.7,4.1,16.4,0.57,757,72
qwen38,gate,q8_0,20,prod+pinE,52.2,47.7,33.1,10.9,8.9,23.0,0.63,525,72
qwen38,gate,q8_0,20,prod+pinS,64.8,59.9,22.0,5.0,2.5,25.2,0.53,790,72
qwen38,gate,q8_0,20,q8_4row,63.7,52.4,25.1,10.0,0.8,23.2,0.83,695,72
qwen38,gate,q8_0,20,q8_4row_pf,59.3,41.2,21.2,14.7,5.4,22.4,0.83,821,72
qwen38,gate,q8_0,20,read,63.8,55.8,31.0,16.7,6.1,28.6,,562,72
qwen38,gate,q8_0,20,read+pin,67.9,61.6,49.4,5.3,1.9,39.7,,353,72
qwen38,gate,q8_0,20,vecdot,61.0,51.9,31.2,11.3,4.7,22.9,0.99,558,72
qwen38,gate,q8_0,20,vecdot+pin,65.0,56.4,43.1,5.4,0.5,30.1,0.87,404,72
qwen38,gate,q8_0,22,prod,57.5,47.2,28.1,12.5,7.1,23.6,0.78,620,72
qwen38,gate,q8_0,22,prod+pin,67.1,54.6,30.5,5.4,1.2,15.8,0.75,571,72
qwen38,gate,q8_0,22,prod+pinE,54.4,48.6,31.7,13.2,9.8,22.4,0.71,549,72
qwen38,gate,q8_0,22,prod+pinS,67.5,51.3,19.8,6.8,3.9,16.7,0.52,883,72
qwen38,gate,q8_0,22,q8_4row,68.0,50.7,27.9,15.8,4.6,27.7,0.87,624,72
qwen38,gate,q8_0,22,q8_4row_pf,59.6,52.4,30.8,16.9,14.1,26.9,0.92,564,72
qwen38,gate,q8_0,22,read,68.7,56.7,40.3,18.5,5.6,38.4,,432,72
qwen38,gate,q8_0,22,read+pin,71.6,59.8,50.5,15.1,3.1,46.2,,345,72
qwen38,gate,q8_0,22,vecdot,59.1,54.1,42.0,18.7,1.7,36.0,0.97,415,72
qwen38,gate,q8_0,22,vecdot+pin,64.3,60.7,44.9,15.1,1.6,41.6,0.94,388,72
qwen38,gate,q8_0,24,prod,66.0,50.8,32.3,17.4,6.0,27.8,0.79,538,72
qwen38,gate,q8_0,24,prod+pin,71.1,52.6,28.5,11.5,3.8,24.9,0.58,611,72
qwen38,gate,q8_0,24,prod+pinE,58.4,50.1,37.9,16.2,5.8,31.8,0.71,460,72
qwen38,gate,q8_0,24,prod+pinS,73.0,62.3,30.8,13.8,1.7,27.5,0.64,565,72
qwen38,gate,q8_0,24,q8_4row,59.7,51.3,30.6,15.3,1.5,28.0,0.77,569,72
qwen38,gate,q8_0,24,q8_4row_pf,67.1,57.2,37.8,15.9,4.8,34.6,0.92,461,72
qwen38,gate,q8_0,24,read,68.2,60.8,43.3,20.8,16.9,38.5,,402,72
qwen38,gate,q8_0,24,read+pin,71.3,64.3,52.8,30.2,2.6,48.3,,329,72
qwen38,gate,q8_0,24,vecdot,65.1,57.4,43.2,19.5,15.1,41.8,1.02,403,72
qwen38,gate,q8_0,24,vecdot+pin,65.9,61.5,52.7,31.2,3.3,47.7,0.97,330,72
