threads,arm,p_core_samples,e_core_samples,config_runs
8,mx16+pin,768,0,12
8,mx8+pin,768,0,12
8,prod+pin,2462,250,39
8,prod+pinE,164,2548,39
8,prod+pinS,1073,1639,39
8,q2+pin,384,0,6
8,r8+pin,1152,0,18
8,read+pin,2496,0,39
8,vecdot+pin,2496,0,39
12,mx16+pin,768,384,12
12,mx8+pin,768,384,12
12,prod+pin,2442,1382,39
12,prod+pinE,24,3800,39
12,prod+pinS,968,2856,39
12,q2+pin,384,192,6
12,r8+pin,1152,576,18
12,read+pin,2496,1248,39
12,vecdot+pin,2496,1248,39
16,mx16+pin,768,768,12
16,mx8+pin,768,768,12
16,prod+pin,2462,2594,39
16,prod+pinE,33,5023,39
16,prod+pinS,1598,3458,39
16,q2+pin,384,384,6
16,r8+pin,1152,1152,18
16,read+pin,2496,2496,39
16,vecdot+pin,2496,2496,39
20,mx16+pin,768,1152,12
20,mx8+pin,768,1152,12
20,prod+pin,2445,3795,39
20,prod+pinE,28,6212,39
20,prod+pinS,2181,4059,39
20,q2+pin,384,576,6
20,r8+pin,1152,1728,18
20,read+pin,2496,3744,39
20,vecdot+pin,2496,3744,39
22,mx16+pin,768,1344,12
22,mx8+pin,768,1344,12
22,prod+pin,2471,4393,39
22,prod+pinE,41,6823,39
22,prod+pinS,2468,4396,39
22,q2+pin,384,672,6
22,r8+pin,1152,2016,18
22,read+pin,2496,4368,39
22,vecdot+pin,2496,4368,39
24,mx16+pin,768,1536,12
24,mx8+pin,768,1536,12
24,prod+pin,2482,5006,39
24,prod+pinE,46,7442,39
24,prod+pinS,2487,5001,39
24,q2+pin,384,768,6
24,r8+pin,1152,2304,18
24,read+pin,2496,4992,39
24,vecdot+pin,2496,4992,39
