run,pin,sched,kernel,threads,best_gbps,median_gbps,min_gbps,rounds
1,pinned,dynamic,copy,1,20.7,12.6,10.2,15
1,pinned,dynamic,copy,2,31.9,17.2,14.2,15
1,pinned,dynamic,copy,4,29.5,24.8,19.7,15
1,pinned,dynamic,copy,8,39.8,31.4,25.4,15
1,pinned,dynamic,copy,12,36.0,33.8,26.8,15
1,pinned,dynamic,copy,16,40.9,35.5,28.1,15
1,pinned,dynamic,copy,20,48.3,36.8,30.8,15
1,pinned,dynamic,copy,22,47.3,35.3,32.3,15
1,pinned,dynamic,copy,24,44.4,36.5,29.3,15
1,pinned,dynamic,scale,1,23.6,12.5,11.1,15
1,pinned,dynamic,scale,2,33.3,18.3,14.0,15
1,pinned,dynamic,scale,4,29.0,25.5,20.3,15
1,pinned,dynamic,scale,8,38.4,31.3,27.9,15
1,pinned,dynamic,scale,12,41.1,32.6,28.5,15
1,pinned,dynamic,scale,16,42.4,35.3,23.0,15
1,pinned,dynamic,scale,20,46.3,37.2,29.1,15
1,pinned,dynamic,scale,22,46.6,37.2,29.3,15
1,pinned,dynamic,scale,24,48.9,37.1,26.5,15
1,pinned,dynamic,triad,1,25.6,13.4,12.7,15
1,pinned,dynamic,triad,2,31.9,21.2,16.0,15
1,pinned,dynamic,triad,4,33.9,29.8,22.9,15
1,pinned,dynamic,triad,8,44.5,38.2,31.7,15
1,pinned,dynamic,triad,12,46.3,39.0,34.9,15
1,pinned,dynamic,triad,16,52.2,40.8,32.4,15
1,pinned,dynamic,triad,20,55.1,42.1,37.7,15
1,pinned,dynamic,triad,22,51.6,42.8,33.6,15
1,pinned,dynamic,triad,24,56.3,42.3,31.8,15
1,pinned,dynamic,read,1,25.7,12.6,9.1,15
1,pinned,dynamic,read,2,25.1,22.6,16.7,15
1,pinned,dynamic,read,4,39.7,33.1,25.9,15
1,pinned,dynamic,read,8,52.5,41.5,28.6,15
1,pinned,dynamic,read,12,55.8,42.5,29.0,15
1,pinned,dynamic,read,16,61.5,46.0,36.0,15
1,pinned,dynamic,read,20,68.3,43.3,34.0,15
1,pinned,dynamic,read,22,69.2,47.0,32.3,15
1,pinned,dynamic,read,24,51.9,48.7,24.9,15
2,pinned,dynamic,copy,1,14.4,12.4,10.5,15
2,pinned,dynamic,copy,2,21.4,19.6,16.4,15
2,pinned,dynamic,copy,4,29.7,26.6,18.9,15
2,pinned,dynamic,copy,8,35.9,33.4,29.0,15
2,pinned,dynamic,copy,12,36.6,33.0,25.8,15
2,pinned,dynamic,copy,16,37.6,35.1,24.6,15
2,pinned,dynamic,copy,20,39.7,36.7,34.8,15
2,pinned,dynamic,copy,22,41.9,38.6,30.5,15
2,pinned,dynamic,copy,24,40.3,37.3,32.3,15
2,pinned,dynamic,scale,1,14.2,12.4,10.7,15
2,pinned,dynamic,scale,2,20.3,18.7,15.7,15
2,pinned,dynamic,scale,4,28.6,26.0,20.5,15
2,pinned,dynamic,scale,8,34.1,31.1,25.9,15
2,pinned,dynamic,scale,12,34.7,31.2,26.1,15
2,pinned,dynamic,scale,16,39.3,35.5,31.0,15
2,pinned,dynamic,scale,20,40.5,36.9,32.3,15
2,pinned,dynamic,scale,22,41.8,37.8,25.5,15
2,pinned,dynamic,scale,24,40.2,38.1,28.2,15
2,pinned,dynamic,triad,1,15.4,13.8,12.2,15
2,pinned,dynamic,triad,2,23.2,21.9,16.5,15
2,pinned,dynamic,triad,4,32.4,29.7,26.8,15
2,pinned,dynamic,triad,8,39.4,36.1,31.3,15
2,pinned,dynamic,triad,12,40.0,39.1,33.0,15
2,pinned,dynamic,triad,16,44.6,41.0,38.2,15
2,pinned,dynamic,triad,20,47.6,44.1,35.5,15
2,pinned,dynamic,triad,22,46.6,44.1,33.2,15
2,pinned,dynamic,triad,24,46.6,43.8,37.7,15
2,pinned,dynamic,read,1,15.5,13.5,9.7,15
2,pinned,dynamic,read,2,24.4,22.9,18.8,15
2,pinned,dynamic,read,4,39.8,33.2,24.6,15
2,pinned,dynamic,read,8,44.8,37.6,24.9,15
2,pinned,dynamic,read,12,48.7,41.2,25.0,15
2,pinned,dynamic,read,16,48.9,43.7,38.7,15
2,pinned,dynamic,read,20,53.2,46.0,35.8,15
2,pinned,dynamic,read,22,51.1,44.1,33.1,15
2,pinned,dynamic,read,24,53.5,47.5,29.4,15
1,none,dynamic,copy,1,13.8,12.2,6.6,15
1,none,dynamic,copy,2,20.6,16.6,11.8,15
1,none,dynamic,copy,4,26.1,20.9,17.9,15
1,none,dynamic,copy,8,30.1,27.1,15.9,15
1,none,dynamic,copy,12,33.4,29.7,23.0,15
1,none,dynamic,copy,16,34.3,31.0,26.4,15
1,none,dynamic,copy,20,37.8,32.9,28.1,15
1,none,dynamic,copy,22,35.8,33.5,27.5,15
1,none,dynamic,copy,24,37.9,34.0,28.0,15
1,none,dynamic,scale,1,13.1,12.1,6.1,15
1,none,dynamic,scale,2,19.4,16.6,12.5,15
1,none,dynamic,scale,4,24.6,22.6,12.3,15
1,none,dynamic,scale,8,32.3,27.2,19.3,15
1,none,dynamic,scale,12,37.3,31.8,23.6,15
1,none,dynamic,scale,16,35.0,31.0,25.9,15
1,none,dynamic,scale,20,36.1,33.7,30.1,15
1,none,dynamic,scale,22,35.6,32.2,27.5,15
1,none,dynamic,scale,24,37.2,34.5,30.1,15
1,none,dynamic,triad,1,14.5,12.8,5.8,15
1,none,dynamic,triad,2,22.4,18.5,13.8,15
1,none,dynamic,triad,4,31.1,25.2,17.2,15
1,none,dynamic,triad,8,35.9,30.4,24.7,15
1,none,dynamic,triad,12,37.8,34.5,26.1,15
1,none,dynamic,triad,16,40.4,36.6,25.3,15
1,none,dynamic,triad,20,43.1,39.5,32.5,15
1,none,dynamic,triad,22,42.5,38.7,35.7,15
1,none,dynamic,triad,24,41.8,39.7,30.9,15
1,none,dynamic,read,1,14.5,13.5,11.7,15
1,none,dynamic,read,2,24.5,21.2,13.9,15
1,none,dynamic,read,4,36.4,24.2,20.7,15
1,none,dynamic,read,8,40.6,31.7,24.2,15
1,none,dynamic,read,12,45.6,37.2,29.5,15
1,none,dynamic,read,16,41.8,37.1,19.8,15
1,none,dynamic,read,20,46.1,40.0,30.2,15
1,none,dynamic,read,22,45.2,40.5,33.1,15
1,none,dynamic,read,24,50.0,43.2,32.2,15
2,none,dynamic,copy,1,16.7,12.2,6.2,15
2,none,dynamic,copy,2,22.2,17.8,13.9,15
2,none,dynamic,copy,4,34.9,22.7,13.9,15
2,none,dynamic,copy,8,36.1,26.7,18.3,15
2,none,dynamic,copy,12,41.7,28.5,21.4,15
2,none,dynamic,copy,16,43.5,31.4,24.2,15
2,none,dynamic,copy,20,45.7,31.6,19.0,15
2,none,dynamic,copy,22,48.2,34.5,27.7,15
2,none,dynamic,copy,24,46.6,34.7,26.2,15
2,none,dynamic,scale,1,13.1,12.3,6.6,15
2,none,dynamic,scale,2,25.3,14.7,11.9,15
2,none,dynamic,scale,4,31.1,21.8,16.7,15
2,none,dynamic,scale,8,38.0,25.8,20.0,15
2,none,dynamic,scale,12,42.8,29.7,20.4,15
2,none,dynamic,scale,16,43.4,29.7,17.9,15
2,none,dynamic,scale,20,46.9,30.9,24.1,15
2,none,dynamic,scale,22,46.8,33.7,26.4,15
2,none,dynamic,scale,24,44.1,33.1,27.3,15
2,none,dynamic,triad,1,14.5,13.6,7.3,15
2,none,dynamic,triad,2,33.3,18.2,11.9,15
2,none,dynamic,triad,4,42.0,25.4,22.9,15
2,none,dynamic,triad,8,44.1,33.3,20.4,15
2,none,dynamic,triad,12,47.6,35.1,27.6,15
2,none,dynamic,triad,16,51.6,38.3,26.6,15
2,none,dynamic,triad,20,51.3,37.7,29.6,15
2,none,dynamic,triad,22,54.3,38.6,32.5,15
2,none,dynamic,triad,24,53.4,38.7,31.2,15
2,none,dynamic,read,1,14.3,12.8,7.0,15
2,none,dynamic,read,2,32.6,20.3,11.1,15
2,none,dynamic,read,4,37.9,27.8,14.7,15
2,none,dynamic,read,8,52.4,32.0,16.8,15
2,none,dynamic,read,12,57.9,37.3,21.8,15
2,none,dynamic,read,16,62.3,36.8,27.1,15
2,none,dynamic,read,20,69.3,39.5,34.2,15
2,none,dynamic,read,22,69.7,42.5,36.3,15
2,none,dynamic,read,24,68.5,40.8,30.0,15
