format,policy,budget_gib,hit_rate_token_weighted,cpu_gib_per_token,cpu_gb_per_token,tps_bound_at_14_gbps,tps_bound_at_21_gbps,tps_bound_at_30_gbps,tps_bound_at_47_gbps
iq3,adaptive,4,0.5891,0.3257,0.350,40.0,60.0,85.8,134.4
iq3,adaptive,7,0.7077,0.2321,0.249,56.2,84.3,120.4,188.6
iq3,adaptive,14,0.8449,0.1245,0.134,104.7,157.1,224.4,351.6
iq3,first-touch,4,0.3891,0.4896,0.526,26.6,39.9,57.1,89.4
iq3,first-touch,7,0.6007,0.3223,0.346,40.5,60.7,86.7,135.8
iq3,first-touch,14,0.8338,0.1366,0.147,95.5,143.2,204.5,320.4
iq3,static,4,0.2209,0.6096,0.655,21.4,32.1,45.8,71.8
iq3,static,7,0.3493,0.5098,0.547,25.6,38.4,54.8,85.9
iq3,static,14,0.5745,0.3377,0.363,38.6,57.9,82.7,129.6
iq3,oracle,4,0.5530,0.3560,0.382,36.6,54.9,78.5,123.0
iq3,oracle,7,0.7245,0.2223,0.239,58.7,88.0,125.7,196.9
iq3,oracle,14,0.9164,0.0703,0.075,185.5,278.2,397.4,622.6
q8,adaptive,4,0.3683,1.4748,1.584,8.8,13.3,18.9,29.7
q8,adaptive,7,0.4706,1.2361,1.327,10.5,15.8,22.6,35.4
q8,adaptive,14,0.6189,0.8897,0.955,14.7,22.0,31.4,49.2
q8,first-touch,4,0.0762,2.1566,2.316,6.0,9.1,13.0,20.3
q8,first-touch,7,0.1802,1.9139,2.055,6.8,10.2,14.6,22.9
q8,first-touch,14,0.4409,1.3052,1.401,10.0,15.0,21.4,33.5
q8,static,4,0.0827,2.1416,2.300,6.1,9.1,13.0,20.4
q8,static,7,0.1335,2.0230,2.172,6.4,9.7,13.8,21.6
q8,static,14,0.2476,1.7565,1.886,7.4,11.1,15.9,24.9
q8,oracle,4,0.2785,1.6843,1.809,7.7,11.6,16.6,26.0
q8,oracle,7,0.3954,1.4115,1.516,9.2,13.9,19.8,31.0
q8,oracle,14,0.5919,0.9528,1.023,13.7,20.5,29.3,45.9
iq3,none,0,0.0000,0.7806,0.838,16.7,25.1,35.8,56.1
q8,none,0,0.0000,2.3346,2.507,5.6,8.4,12.0,18.7
