held_out,policy,quarter,decode_rounds,hit_rate,n_round_samples
chat,adaptive,1,0-63,0.5675,256
chat,adaptive,2,64-127,0.7498,256
chat,adaptive,3,128-191,0.8042,256
chat,adaptive,4,192-255,0.8130,256
chat-0,adaptive,1,0-63,0.5458,64
chat-0,adaptive,2,64-127,0.7498,64
chat-0,adaptive,3,128-191,0.8325,64
chat-0,adaptive,4,192-255,0.8350,64
chat-1,adaptive,1,0-63,0.5488,64
chat-1,adaptive,2,64-127,0.7414,64
chat-1,adaptive,3,128-191,0.7972,64
chat-1,adaptive,4,192-255,0.7894,64
chat-2,adaptive,1,0-63,0.6012,64
chat-2,adaptive,2,64-127,0.7611,64
chat-2,adaptive,3,128-191,0.7935,64
chat-2,adaptive,4,192-255,0.8090,64
chat-3,adaptive,1,0-63,0.5741,64
chat-3,adaptive,2,64-127,0.7469,64
chat-3,adaptive,3,128-191,0.7937,64
chat-3,adaptive,4,192-255,0.8186,64
chat,static,1,0-63,0.3630,256
chat,static,2,64-127,0.2458,256
chat,static,3,128-191,0.2619,256
chat,static,4,192-255,0.2597,256
chat-0,static,1,0-63,0.3609,64
chat-0,static,2,64-127,0.1869,64
chat-0,static,3,128-191,0.2024,64
chat-0,static,4,192-255,0.2103,64
chat-1,static,1,0-63,0.4018,64
chat-1,static,2,64-127,0.1926,64
chat-1,static,3,128-191,0.2206,64
chat-1,static,4,192-255,0.2076,64
chat-2,static,1,0-63,0.3162,64
chat-2,static,2,64-127,0.2954,64
chat-2,static,3,128-191,0.2904,64
chat-2,static,4,192-255,0.3015,64
chat-3,static,1,0-63,0.3733,64
chat-3,static,2,64-127,0.3082,64
chat-3,static,3,128-191,0.3343,64
chat-3,static,4,192-255,0.3196,64
chat,first-touch,1,0-63,0.6312,256
chat,first-touch,2,64-127,0.6063,256
chat,first-touch,3,128-191,0.6001,256
chat,first-touch,4,192-255,0.5854,256
chat-0,first-touch,1,0-63,0.6041,64
chat-0,first-touch,2,64-127,0.5500,64
chat-0,first-touch,3,128-191,0.5091,64
chat-0,first-touch,4,192-255,0.4701,64
chat-1,first-touch,1,0-63,0.6365,64
chat-1,first-touch,2,64-127,0.5926,64
chat-1,first-touch,3,128-191,0.6186,64
chat-1,first-touch,4,192-255,0.6436,64
chat-2,first-touch,1,0-63,0.6332,64
chat-2,first-touch,2,64-127,0.6378,64
chat-2,first-touch,3,128-191,0.6109,64
chat-2,first-touch,4,192-255,0.5951,64
chat-3,first-touch,1,0-63,0.6508,64
chat-3,first-touch,2,64-127,0.6447,64
chat-3,first-touch,3,128-191,0.6620,64
chat-3,first-touch,4,192-255,0.6327,64
code,adaptive,1,0-63,0.5765,256
code,adaptive,2,64-127,0.7036,256
code,adaptive,3,128-191,0.7104,256
code,adaptive,4,192-255,0.7233,256
code-0,adaptive,1,0-63,0.5670,64
code-0,adaptive,2,64-127,0.7046,64
code-0,adaptive,3,128-191,0.7025,64
code-0,adaptive,4,192-255,0.7375,64
code-1,adaptive,1,0-63,0.5504,64
code-1,adaptive,2,64-127,0.6432,64
code-1,adaptive,3,128-191,0.6749,64
code-1,adaptive,4,192-255,0.7678,64
code-2,adaptive,1,0-63,0.5909,64
code-2,adaptive,2,64-127,0.7076,64
code-2,adaptive,3,128-191,0.7556,64
code-2,adaptive,4,192-255,0.7188,64
code-3,adaptive,1,0-63,0.5978,64
code-3,adaptive,2,64-127,0.7589,64
code-3,adaptive,3,128-191,0.7087,64
code-3,adaptive,4,192-255,0.6693,64
code,static,1,0-63,0.3966,256
code,static,2,64-127,0.3855,256
code,static,3,128-191,0.3448,256
code,static,4,192-255,0.2791,256
code-0,static,1,0-63,0.3917,64
code-0,static,2,64-127,0.3810,64
code-0,static,3,128-191,0.2541,64
code-0,static,4,192-255,0.3623,64
code-1,static,1,0-63,0.3875,64
code-1,static,2,64-127,0.2703,64
code-1,static,3,128-191,0.3550,64
code-1,static,4,192-255,0.3056,64
code-2,static,1,0-63,0.4381,64
code-2,static,2,64-127,0.3685,64
code-2,static,3,128-191,0.3690,64
code-2,static,4,192-255,0.2521,64
code-3,static,1,0-63,0.3693,64
code-3,static,2,64-127,0.5221,64
code-3,static,3,128-191,0.4012,64
code-3,static,4,192-255,0.1965,64
code,first-touch,1,0-63,0.6229,256
code,first-touch,2,64-127,0.6298,256
code,first-touch,3,128-191,0.6321,256
code,first-touch,4,192-255,0.5495,256
code-0,first-touch,1,0-63,0.6129,64
code-0,first-touch,2,64-127,0.6467,64
code-0,first-touch,3,128-191,0.6115,64
code-0,first-touch,4,192-255,0.5217,64
code-1,first-touch,1,0-63,0.5951,64
code-1,first-touch,2,64-127,0.5233,64
code-1,first-touch,3,128-191,0.6193,64
code-1,first-touch,4,192-255,0.5690,64
code-2,first-touch,1,0-63,0.6394,64
code-2,first-touch,2,64-127,0.6533,64
code-2,first-touch,3,128-191,0.6602,64
code-2,first-touch,4,192-255,0.5628,64
code-3,first-touch,1,0-63,0.6443,64
code-3,first-touch,2,64-127,0.6958,64
code-3,first-touch,3,128-191,0.6376,64
code-3,first-touch,4,192-255,0.5444,64
long,adaptive,1,0-63,0.6538,128
long,adaptive,2,64-127,0.7290,128
long,adaptive,3,128-191,0.7502,128
long,adaptive,4,192-255,0.7239,128
long-0,adaptive,1,0-63,0.6519,64
long-0,adaptive,2,64-127,0.7144,64
long-0,adaptive,3,128-191,0.7039,64
long-0,adaptive,4,192-255,0.7511,64
long-1,adaptive,1,0-63,0.6557,64
long-1,adaptive,2,64-127,0.7436,64
long-1,adaptive,3,128-191,0.7966,64
long-1,adaptive,4,192-255,0.6967,64
long,static,1,0-63,0.5679,128
long,static,2,64-127,0.4955,128
long,static,3,128-191,0.4240,128
long,static,4,192-255,0.4248,128
long-0,static,1,0-63,0.5520,64
long-0,static,2,64-127,0.4912,64
long-0,static,3,128-191,0.3757,64
long-0,static,4,192-255,0.3985,64
long-1,static,1,0-63,0.5838,64
long-1,static,2,64-127,0.4997,64
long-1,static,3,128-191,0.4723,64
long-1,static,4,192-255,0.4511,64
long,first-touch,1,0-63,0.6949,128
long,first-touch,2,64-127,0.6076,128
long,first-touch,3,128-191,0.5046,128
long,first-touch,4,192-255,0.4921,128
long-0,first-touch,1,0-63,0.7054,64
long-0,first-touch,2,64-127,0.6340,64
long-0,first-touch,3,128-191,0.4409,64
long-0,first-touch,4,192-255,0.4674,64
long-1,first-touch,1,0-63,0.6843,64
long-1,first-touch,2,64-127,0.5812,64
long-1,first-touch,3,128-191,0.5683,64
long-1,first-touch,4,192-255,0.5168,64
