format,layer,expert_bytes,tensor_types
iq3,0,1868800,IQ2_XS+IQ4_NL
iq3,1,1305600,IQ2_XXS+Q2_0
iq3,2,1868800,IQ2_XS+IQ4_NL
iq3,3,1305600,IQ2_XXS+Q2_0
iq3,4,1868800,IQ2_XS+IQ4_NL
iq3,5,1408000,IQ2_XS+Q2_0
iq3,6,1305600,IQ2_XXS+Q2_0
iq3,7,1305600,IQ2_XXS+Q2_0
iq3,8,1868800,IQ3_S+Q2_0
iq3,9,1408000,IQ2_XS+Q2_0
iq3,10,1408000,IQ2_XS+Q2_0
iq3,11,1305600,IQ2_XXS+Q2_0
iq3,12,1510400,IQ2_S+Q2_0
iq3,13,1305600,IQ2_XXS+Q2_0
iq3,14,1408000,IQ2_XS+Q2_0
iq3,15,1510400,IQ2_S+Q2_0
iq3,16,1305600,IQ2_XXS+Q2_0
iq3,17,1510400,IQ2_S+Q2_0
iq3,18,1868800,IQ3_S+Q2_0
iq3,19,1408000,IQ2_XS+Q2_0
iq3,20,1868800,IQ3_S+Q2_0
iq3,21,1510400,IQ2_S+Q2_0
iq3,22,1868800,IQ3_S+Q2_0
iq3,23,1868800,IQ3_S+Q2_0
iq3,24,1868800,IQ3_S+Q2_0
iq3,25,1408000,IQ2_XS+Q2_0
iq3,26,1510400,IQ2_S+Q2_0
iq3,27,1305600,IQ2_XXS+Q2_0
iq3,28,2329600,IQ3_S+IQ4_NL
iq3,29,1971200,IQ2_S+IQ4_NL
iq3,30,2329600,IQ3_S+IQ4_NL
iq3,31,1766400,IQ2_XXS+IQ4_NL
iq3,32,2329600,IQ3_S+IQ4_NL
iq3,33,1868800,IQ3_S+Q2_0
iq3,34,2329600,IQ3_S+IQ4_NL
iq3,35,2176000,IQ3_XXS+IQ4_NL
iq3,36,1715200,IQ3_XXS+Q2_0
iq3,37,2329600,IQ3_S+IQ4_NL
iq3,38,1971200,IQ2_S+IQ4_NL
iq3,39,1868800,IQ2_XS+IQ4_NL
iq3,40,1510400,IQ2_S+Q2_0
iq3,41,1715200,IQ3_XXS+Q2_0
iq3,42,1971200,IQ2_S+IQ4_NL
iq3,43,2329600,IQ3_S+IQ4_NL
iq3,44,2176000,IQ3_XXS+IQ4_NL
iq3,45,1715200,IQ3_XXS+Q2_0
iq3,46,1971200,IQ2_S+IQ4_NL
iq3,47,2176000,IQ3_XXS+IQ4_NL
q8,0,5222400,Q8_0
q8,1,5222400,Q8_0
q8,2,5222400,Q8_0
q8,3,5222400,Q8_0
q8,4,5222400,Q8_0
q8,5,5222400,Q8_0
q8,6,5222400,Q8_0
q8,7,5222400,Q8_0
q8,8,5222400,Q8_0
q8,9,5222400,Q8_0
q8,10,5222400,Q8_0
q8,11,5222400,Q8_0
q8,12,5222400,Q8_0
q8,13,5222400,Q8_0
q8,14,5222400,Q8_0
q8,15,5222400,Q8_0
q8,16,5222400,Q8_0
q8,17,5222400,Q8_0
q8,18,5222400,Q8_0
q8,19,5222400,Q8_0
q8,20,5222400,Q8_0
q8,21,5222400,Q8_0
q8,22,5222400,Q8_0
q8,23,5222400,Q8_0
q8,24,5222400,Q8_0
q8,25,5222400,Q8_0
q8,26,5222400,Q8_0
q8,27,5222400,Q8_0
q8,28,5222400,Q8_0
q8,29,5222400,Q8_0
q8,30,5222400,Q8_0
q8,31,5222400,Q8_0
q8,32,5222400,Q8_0
q8,33,5222400,Q8_0
q8,34,5222400,Q8_0
q8,35,5222400,Q8_0
q8,36,5222400,Q8_0
q8,37,5222400,Q8_0
q8,38,5222400,Q8_0
q8,39,5222400,Q8_0
q8,40,5222400,Q8_0
q8,41,5222400,Q8_0
q8,42,5222400,Q8_0
q8,43,5222400,Q8_0
q8,44,5222400,Q8_0
q8,45,5222400,Q8_0
q8,46,5222400,Q8_0
q8,47,5222400,Q8_0
