rounds,n_rounds,n_tokens,hit_adaptive,hit_static,hit_first_touch,hit_first_touch_end_of_round
prefill (all 20 rounds),20,10218,0.2942,0.2160,0.4507,0.4211
decode rounds 0-31,32,32,0.5957,0.5340,0.4206,0.4206
decode rounds 32-63,32,32,0.6158,0.5966,0.3711,0.3711
decode rounds 64-95,32,32,0.6933,0.5430,0.3718,0.3718
decode rounds 96-127,32,32,0.7522,0.4137,0.4686,0.4686
decode rounds 128-159,32,32,0.7095,0.4105,0.3876,0.3876
decode rounds 160-191,32,32,0.7350,0.3109,0.3814,0.3814
decode rounds 192-223,32,32,0.7730,0.3762,0.4051,0.4051
decode rounds 224-255,32,32,0.7409,0.3835,0.3873,0.3873
decode (all 256 rounds),256,256,0.7019,0.4461,0.3992,0.3992
prefill + decode,276,10474,0.3041,0.2216,0.4495,0.4206
decode-only control (decode-quarters.csv),256,256,0.7053,0.4544,0.5619,
