round,phase,n_tokens,skipped_pending,counters_ge_min_count,counters_total,candidate_swaps_over_margin,swaps_taken,swaps_cum
3,0,512,0,18567,24576,3401,96,96
7,0,512,0,20218,24576,3234,96,192
11,0,512,0,21015,24576,3152,96,288
15,0,512,0,21552,24576,3047,96,384
19,0,490,0,22048,24576,2940,96,480
23,1,1,0,21624,24576,2841,96,576
27,1,1,0,21111,24576,2738,96,672
31,1,1,0,20451,24576,2629,96,768
35,1,1,0,19710,24576,2517,96,864
39,1,1,0,18710,24576,2396,96,960
43,1,1,0,17594,24576,2269,96,1056
47,1,1,0,16277,24576,2122,96,1152
51,1,1,0,14768,24576,1914,96,1248
55,1,1,0,13032,24576,1697,96,1344
59,1,1,0,11159,24576,1402,96,1440
63,1,1,0,8891,24576,1081,96,1536
67,1,1,0,6719,24576,777,96,1632
71,1,1,0,4797,24576,454,96,1728
75,1,1,0,3329,24576,189,96,1824
79,1,1,0,2353,24576,159,96,1920
83,1,1,0,1888,24576,115,96,2016
87,1,1,0,1486,24576,91,91,2107
91,1,1,0,1253,24576,91,91,2198
95,1,1,0,1156,24576,74,74,2272
99,1,1,0,1112,24576,155,96,2368
103,1,1,0,987,24576,95,95,2463
107,1,1,0,932,24576,128,96,2559
111,1,1,0,876,24576,87,87,2646
115,1,1,0,950,24576,21,21,2667
119,1,1,0,951,24576,40,40,2707
123,1,1,0,985,24576,72,72,2779
127,1,1,0,906,24576,63,63,2842
131,1,1,0,889,24576,67,67,2909
135,1,1,0,809,24576,56,56,2965
139,1,1,0,867,24576,101,96,3061
143,1,1,0,871,24576,30,30,3091
147,1,1,0,973,24576,71,71,3162
151,1,1,0,918,24576,107,96,3258
155,1,1,0,902,24576,125,96,3354
159,1,1,0,920,24576,83,83,3437
163,1,1,0,843,24576,38,38,3475
167,1,1,0,939,24576,49,49,3524
171,1,1,0,882,24576,31,31,3555
175,1,1,0,935,24576,106,96,3651
179,1,1,0,851,24576,57,57,3708
183,1,1,0,888,24576,99,96,3804
187,1,1,0,898,24576,65,65,3869
191,1,1,0,943,24576,54,54,3923
195,1,1,0,932,24576,96,96,4019
199,1,1,0,953,24576,59,59,4078
203,1,1,0,920,24576,48,48,4126
207,1,1,0,881,24576,40,40,4166
211,1,1,0,851,24576,51,51,4217
215,1,1,0,908,24576,55,55,4272
219,1,1,0,931,24576,53,53,4325
223,1,1,0,913,24576,17,17,4342
227,1,1,0,902,24576,57,57,4399
231,1,1,0,820,24576,56,56,4455
235,1,1,0,899,24576,26,26,4481
239,1,1,0,932,24576,98,96,4577
243,1,1,0,904,24576,35,35,4612
247,1,1,0,870,24576,71,71,4683
251,1,1,0,897,24576,62,62,4745
255,1,1,0,902,24576,86,86,4831
259,1,1,0,896,24576,90,90,4921
263,1,1,0,967,24576,84,84,5005
267,1,1,0,829,24576,53,53,5058
271,1,1,0,858,24576,37,37,5095
275,1,1,0,873,24576,37,37,5132
