round,phase,n_tokens,mean_layer_expert_fraction_touched,hit_adaptive,hit_static,hit_first_touch,hit_first_touch_end_of_round
0,0,512,0.6171,0.2664,0.2664,0.5905,0.0000
1,0,512,0.6300,0.1580,0.1580,0.4679,0.4679
2,0,512,0.6924,0.1954,0.1954,0.4557,0.4557
3,0,512,0.6554,0.2170,0.2170,0.4794,0.4794
4,0,512,0.7007,0.2180,0.2183,0.4833,0.4833
5,0,512,0.6930,0.2932,0.2173,0.5241,0.5241
6,0,512,0.6571,0.3067,0.2220,0.5130,0.5130
7,0,512,0.6681,0.2539,0.1808,0.4375,0.4375
8,0,512,0.7015,0.2389,0.1687,0.4537,0.4537
9,0,512,0.7113,0.3321,0.2292,0.4483,0.4483
10,0,512,0.7350,0.2967,0.2000,0.4564,0.4564
11,0,512,0.6808,0.3243,0.2517,0.3805,0.3805
12,0,512,0.7472,0.3266,0.2382,0.4393,0.4393
13,0,512,0.7364,0.3502,0.2144,0.4290,0.4290
14,0,512,0.7382,0.3225,0.1796,0.4189,0.4189
15,0,512,0.6624,0.3990,0.2444,0.4613,0.4613
16,0,512,0.7375,0.3627,0.2363,0.4425,0.4425
17,0,512,0.7750,0.3174,0.2122,0.3289,0.3289
18,0,512,0.7733,0.3100,0.2123,0.3404,0.3404
19,0,490,0.6971,0.3985,0.2590,0.4642,0.4642
20,1,1,0.0195,0.4417,0.4583,0.7833,0.7833
21,1,1,0.0195,0.5125,0.5542,0.6000,0.6000
22,1,1,0.0195,0.5396,0.5958,0.3438,0.3438
23,1,1,0.0195,0.6417,0.6937,0.2854,0.2854
24,1,1,0.0195,0.6125,0.6771,0.3333,0.3333
25,1,1,0.0195,0.6833,0.7333,0.3750,0.3750
26,1,1,0.0195,0.6979,0.7229,0.3583,0.3583
27,1,1,0.0195,0.5917,0.5604,0.4208,0.4208
28,1,1,0.0195,0.6417,0.4625,0.5167,0.5167
29,1,1,0.0195,0.5833,0.5583,0.3542,0.3542
30,1,1,0.0195,0.6687,0.5479,0.3979,0.3979
31,1,1,0.0195,0.6792,0.6333,0.3667,0.3667
32,1,1,0.0195,0.4729,0.4542,0.4333,0.4333
33,1,1,0.0195,0.4396,0.3438,0.4604,0.4604
34,1,1,0.0195,0.5667,0.3187,0.6937,0.6937
35,1,1,0.0195,0.7229,0.3771,0.7479,0.7479
36,1,1,0.0195,0.5125,0.3833,0.6188,0.6188
37,1,1,0.0195,0.5521,0.5521,0.3958,0.3958
38,1,1,0.0195,0.5479,0.5917,0.2146,0.2146
39,1,1,0.0195,0.5021,0.5188,0.2500,0.2500
40,1,1,0.0195,0.5229,0.5292,0.2729,0.2729
41,1,1,0.0195,0.5667,0.4729,0.4125,0.4125
42,1,1,0.0195,0.5958,0.4771,0.4792,0.4792
43,1,1,0.0195,0.7354,0.4271,0.5854,0.5854
44,1,1,0.0195,0.6083,0.4813,0.3396,0.3396
45,1,1,0.0195,0.5396,0.3500,0.3729,0.3729
46,1,1,0.0195,0.6062,0.4917,0.3979,0.3979
47,1,1,0.0195,0.6937,0.3854,0.4875,0.4875
48,1,1,0.0195,0.6417,0.5479,0.3438,0.3438
49,1,1,0.0195,0.6500,0.7583,0.2854,0.2854
50,1,1,0.0195,0.6250,0.7167,0.2604,0.2604
51,1,1,0.0195,0.6667,0.7125,0.2708,0.2708
52,1,1,0.0195,0.6292,0.6271,0.2979,0.2979
53,1,1,0.0195,0.5708,0.6333,0.3063,0.3063
54,1,1,0.0195,0.4354,0.4271,0.2417,0.2417
55,1,1,0.0195,0.4229,0.4417,0.2917,0.2917
56,1,1,0.0195,0.4833,0.5062,0.2229,0.2229
57,1,1,0.0195,0.5396,0.6354,0.3250,0.3250
58,1,1,0.0195,0.5833,0.7667,0.3750,0.3750
59,1,1,0.0195,0.5521,0.7292,0.5583,0.5583
60,1,1,0.0195,0.5188,0.6854,0.2875,0.2875
61,1,1,0.0195,0.6542,0.7083,0.3646,0.3646
62,1,1,0.0195,0.5646,0.6646,0.2375,0.2375
63,1,1,0.0195,0.5833,0.6417,0.2729,0.2729
64,1,1,0.0195,0.5354,0.4792,0.3542,0.3542
65,1,1,0.0195,0.6062,0.5583,0.3771,0.3771
66,1,1,0.0195,0.5333,0.6750,0.2167,0.2167
67,1,1,0.0195,0.6104,0.7021,0.2146,0.2146
68,1,1,0.0195,0.6521,0.7104,0.2208,0.2208
69,1,1,0.0195,0.7000,0.7271,0.4313,0.4313
70,1,1,0.0195,0.6312,0.6854,0.6167,0.6167
71,1,1,0.0195,0.7333,0.7500,0.4646,0.4646
72,1,1,0.0195,0.7125,0.6625,0.4979,0.4979
73,1,1,0.0195,0.6917,0.4854,0.4854,0.4854
74,1,1,0.0195,0.6979,0.6021,0.4208,0.4208
75,1,1,0.0195,0.5500,0.5104,0.3083,0.3083
76,1,1,0.0195,0.5854,0.3958,0.4229,0.4229
77,1,1,0.0195,0.7625,0.4125,0.5521,0.5521
78,1,1,0.0195,0.6229,0.3854,0.3479,0.3479
79,1,1,0.0195,0.7438,0.3875,0.5146,0.5146
80,1,1,0.0195,0.6813,0.4792,0.3896,0.3896
81,1,1,0.0195,0.7625,0.7125,0.4750,0.4750
82,1,1,0.0195,0.7229,0.7063,0.3854,0.3854
83,1,1,0.0195,0.6333,0.5958,0.3979,0.3979
84,1,1,0.0195,0.7562,0.4792,0.4583,0.4583
85,1,1,0.0195,0.7292,0.6021,0.3667,0.3667
86,1,1,0.0195,0.5708,0.3771,0.2708,0.2708
87,1,1,0.0195,0.6813,0.4188,0.3937,0.3937
88,1,1,0.0195,0.7229,0.3354,0.4500,0.4500
89,1,1,0.0195,0.6188,0.4313,0.2771,0.2771
90,1,1,0.0195,0.7292,0.4000,0.3979,0.3979
91,1,1,0.0195,0.6271,0.4396,0.3500,0.3500
92,1,1,0.0195,0.7208,0.6604,0.3833,0.3833
93,1,1,0.0195,0.7812,0.7333,0.3312,0.3312
94,1,1,0.0195,0.6896,0.6125,0.3479,0.3479
95,1,1,0.0195,0.5646,0.5271,0.3292,0.3292
96,1,1,0.0195,0.6167,0.6104,0.3625,0.3625
97,1,1,0.0195,0.6083,0.5125,0.3271,0.3271
98,1,1,0.0195,0.6396,0.5833,0.2938,0.2938
99,1,1,0.0195,0.6896,0.4979,0.2208,0.2208
100,1,1,0.0195,0.5750,0.3354,0.2792,0.2792
101,1,1,0.0195,0.6188,0.4250,0.2625,0.2625
102,1,1,0.0195,0.6562,0.5104,0.3979,0.3979
103,1,1,0.0195,0.7021,0.7458,0.4208,0.4208
104,1,1,0.0195,0.6333,0.6396,0.2542,0.2542
105,1,1,0.0195,0.6833,0.6667,0.3563,0.3563
106,1,1,0.0195,0.7375,0.6792,0.2458,0.2458
107,1,1,0.0195,0.6708,0.6354,0.2667,0.2667
108,1,1,0.0195,0.6021,0.5896,0.2583,0.2583
109,1,1,0.0195,0.7354,0.7021,0.4083,0.4083
110,1,1,0.0195,0.6771,0.6833,0.5500,0.5500
111,1,1,0.0195,0.8125,0.6667,0.5750,0.5750
112,1,1,0.0195,0.8313,0.5000,0.5188,0.5188
113,1,1,0.0195,0.8479,0.5917,0.4396,0.4396
114,1,1,0.0195,0.7479,0.4208,0.5042,0.5042
115,1,1,0.0195,0.9083,0.3625,0.6000,0.6000
116,1,1,0.0195,0.6771,0.3479,0.3500,0.3500
117,1,1,0.0195,0.8729,0.3979,0.5458,0.5458
118,1,1,0.0195,0.7917,0.4562,0.4208,0.4208
119,1,1,0.0195,0.8250,0.6542,0.4688,0.4688
120,1,1,0.0195,0.8542,0.7375,0.5000,0.5000
121,1,1,0.0195,0.8042,0.6583,0.4917,0.4917
122,1,1,0.0195,0.7667,0.4083,0.5750,0.5750
123,1,1,0.0195,0.6958,0.3479,0.4917,0.4917
124,1,1,0.0195,0.8229,0.3125,0.6417,0.6417
125,1,1,0.0195,0.7833,0.4500,0.4604,0.4604
126,1,1,0.0195,0.7208,0.4708,0.4292,0.4292
127,1,1,0.0195,0.6188,0.3000,0.4771,0.4771
128,1,1,0.0195,0.6125,0.2625,0.4917,0.4917
129,1,1,0.0195,0.7250,0.3417,0.4542,0.4542
130,1,1,0.0195,0.7646,0.3688,0.4750,0.4750
131,1,1,0.0195,0.7417,0.3417,0.4354,0.4354
132,1,1,0.0195,0.7958,0.3563,0.5354,0.5354
133,1,1,0.0195,0.7417,0.3396,0.4625,0.4625
134,1,1,0.0195,0.7667,0.3208,0.4521,0.4521
135,1,1,0.0195,0.7854,0.2708,0.5917,0.5917
136,1,1,0.0195,0.6521,0.2500,0.4021,0.4021
137,1,1,0.0195,0.6771,0.2625,0.5479,0.5479
138,1,1,0.0195,0.6667,0.3125,0.4354,0.4354
139,1,1,0.0195,0.6896,0.4979,0.3417,0.3417
140,1,1,0.0195,0.8417,0.7104,0.4167,0.4167
141,1,1,0.0195,0.8208,0.5625,0.4625,0.4625
142,1,1,0.0195,0.7500,0.3896,0.4542,0.4542
143,1,1,0.0195,0.7729,0.3688,0.3979,0.3979
144,1,1,0.0195,0.7063,0.4125,0.3771,0.3771
145,1,1,0.0195,0.8375,0.5333,0.4354,0.4354
146,1,1,0.0195,0.7417,0.3458,0.5083,0.5083
147,1,1,0.0195,0.7479,0.4500,0.4667,0.4667
148,1,1,0.0195,0.7646,0.4583,0.3458,0.3458
149,1,1,0.0195,0.5563,0.4771,0.2562,0.2562
150,1,1,0.0195,0.6000,0.4875,0.2667,0.2667
151,1,1,0.0195,0.5396,0.3271,0.3000,0.3000
152,1,1,0.0195,0.5875,0.4271,0.2604,0.2604
153,1,1,0.0195,0.6167,0.4458,0.2271,0.2271
154,1,1,0.0195,0.6021,0.2708,0.2958,0.2958
155,1,1,0.0195,0.4979,0.3625,0.2146,0.2146
156,1,1,0.0195,0.6729,0.4479,0.2667,0.2667
157,1,1,0.0195,0.7583,0.5229,0.3208,0.3208
158,1,1,0.0195,0.7500,0.5813,0.4646,0.4646
159,1,1,0.0195,0.7063,0.4667,0.4042,0.4042
160,1,1,0.0195,0.8250,0.4188,0.4562,0.4562
161,1,1,0.0195,0.4292,0.3958,0.5625,0.5625
162,1,1,0.0195,0.6979,0.3583,0.3125,0.3125
163,1,1,0.0195,0.7729,0.4042,0.3625,0.3625
164,1,1,0.0195,0.7667,0.3833,0.4167,0.4167
165,1,1,0.0195,0.8271,0.4625,0.4583,0.4583
166,1,1,0.0195,0.7979,0.4458,0.2896,0.2896
167,1,1,0.0195,0.8146,0.5833,0.3021,0.3021
168,1,1,0.0195,0.8187,0.6312,0.3937,0.3937
169,1,1,0.0195,0.7979,0.3604,0.5708,0.5708
170,1,1,0.0195,0.8667,0.4292,0.6042,0.6042
171,1,1,0.0195,0.8375,0.5104,0.3729,0.3729
172,1,1,0.0195,0.7562,0.4813,0.3750,0.3750
173,1,1,0.0195,0.6188,0.2188,0.4500,0.4500
174,1,1,0.0195,0.6333,0.2146,0.4500,0.4500
175,1,1,0.0195,0.7771,0.3604,0.4375,0.4375
176,1,1,0.0195,0.7667,0.3375,0.6333,0.6333
177,1,1,0.0195,0.7917,0.3458,0.4625,0.4625
178,1,1,0.0195,0.7104,0.2354,0.5458,0.5458
179,1,1,0.0195,0.7458,0.2854,0.3250,0.3250
180,1,1,0.0195,0.6792,0.2437,0.3271,0.3271
181,1,1,0.0195,0.6896,0.4604,0.2583,0.2583
182,1,1,0.0195,0.6396,0.2042,0.3417,0.3417
183,1,1,0.0195,0.6292,0.1729,0.4167,0.4167
184,1,1,0.0195,0.6583,0.2146,0.4708,0.4708
185,1,1,0.0195,0.8271,0.3458,0.4792,0.4792
186,1,1,0.0195,0.7417,0.2125,0.4396,0.4396
187,1,1,0.0195,0.7396,0.3208,0.2833,0.2833
188,1,1,0.0195,0.7646,0.2646,0.5792,0.5792
189,1,1,0.0195,0.7396,0.2229,0.4062,0.4062
190,1,1,0.0195,0.6229,0.3604,0.2229,0.2229
191,1,1,0.0195,0.7792,0.3917,0.4042,0.4042
192,1,1,0.0195,0.5687,0.2583,0.3937,0.3937
193,1,1,0.0195,0.7354,0.2604,0.4104,0.4104
194,1,1,0.0195,0.6729,0.2729,0.4417,0.4417
195,1,1,0.0195,0.8229,0.3208,0.4458,0.4458
196,1,1,0.0195,0.6167,0.1708,0.2750,0.2750
197,1,1,0.0195,0.7458,0.2792,0.3104,0.3104
198,1,1,0.0195,0.7646,0.3042,0.3146,0.3146
199,1,1,0.0195,0.7708,0.2958,0.3937,0.3937
200,1,1,0.0195,0.7458,0.5188,0.2583,0.2583
201,1,1,0.0195,0.8479,0.6813,0.3583,0.3583
202,1,1,0.0195,0.8083,0.5521,0.3812,0.3812
203,1,1,0.0195,0.7083,0.4958,0.3875,0.3875
204,1,1,0.0195,0.7896,0.4833,0.3375,0.3375
205,1,1,0.0195,0.7917,0.2271,0.3792,0.3792
206,1,1,0.0195,0.7646,0.1896,0.3937,0.3937
207,1,1,0.0195,0.8083,0.3063,0.3542,0.3542
208,1,1,0.0195,0.8625,0.3083,0.4750,0.4750
209,1,1,0.0195,0.6583,0.1646,0.4521,0.4521
210,1,1,0.0195,0.6854,0.1271,0.3896,0.3896
211,1,1,0.0195,0.8396,0.3167,0.4229,0.4229
212,1,1,0.0195,0.7438,0.2521,0.3937,0.3937
213,1,1,0.0195,0.7500,0.2125,0.3083,0.3083
214,1,1,0.0195,0.8354,0.3125,0.3792,0.3792
215,1,1,0.0195,0.7937,0.3625,0.2729,0.2729
216,1,1,0.0195,0.7458,0.4708,0.2313,0.2313
217,1,1,0.0195,0.6396,0.3896,0.3937,0.3937
218,1,1,0.0195,0.6813,0.2812,0.4479,0.4479
219,1,1,0.0195,0.8042,0.4250,0.4313,0.4313
220,1,1,0.0195,0.7479,0.3812,0.2229,0.2229
221,1,1,0.0195,0.8417,0.6250,0.3021,0.3021
222,1,1,0.0195,0.8521,0.5729,0.4042,0.4042
223,1,1,0.0195,0.8521,0.4750,0.5062,0.5062
224,1,1,0.0195,0.8292,0.4479,0.4000,0.4000
225,1,1,0.0195,0.8063,0.4167,0.3750,0.3750
226,1,1,0.0195,0.7104,0.2250,0.3937,0.3937
227,1,1,0.0195,0.7333,0.1958,0.5396,0.5396
228,1,1,0.0195,0.7354,0.2542,0.5979,0.5979
229,1,1,0.0195,0.7646,0.2604,0.3875,0.3875
230,1,1,0.0195,0.7562,0.2354,0.6062,0.6062
231,1,1,0.0195,0.7063,0.2479,0.5292,0.5292
232,1,1,0.0195,0.8187,0.3688,0.4396,0.4396
233,1,1,0.0195,0.7708,0.4771,0.3104,0.3104
234,1,1,0.0195,0.8771,0.6583,0.3521,0.3521
235,1,1,0.0195,0.8375,0.5146,0.4208,0.4208
236,1,1,0.0195,0.6667,0.4292,0.3833,0.3833
237,1,1,0.0195,0.6792,0.5021,0.3104,0.3104
238,1,1,0.0195,0.7312,0.4792,0.3688,0.3688
239,1,1,0.0195,0.8187,0.5583,0.3063,0.3063
240,1,1,0.0195,0.8042,0.2750,0.4083,0.4083
241,1,1,0.0195,0.8146,0.2000,0.5125,0.5125
242,1,1,0.0195,0.8021,0.3063,0.5000,0.5000
243,1,1,0.0195,0.7854,0.2271,0.5271,0.5271
244,1,1,0.0195,0.7792,0.2729,0.4792,0.4792
245,1,1,0.0195,0.8250,0.2604,0.4375,0.4375
246,1,1,0.0195,0.7188,0.2042,0.3688,0.3688
247,1,1,0.0195,0.7542,0.2542,0.5000,0.5000
248,1,1,0.0195,0.7438,0.2250,0.3063,0.3063
249,1,1,0.0195,0.6875,0.3229,0.3521,0.3521
250,1,1,0.0195,0.6208,0.2375,0.3458,0.3458
251,1,1,0.0195,0.7771,0.3688,0.3875,0.3875
252,1,1,0.0195,0.6562,0.4188,0.3646,0.3646
253,1,1,0.0195,0.7500,0.2792,0.2583,0.2583
254,1,1,0.0195,0.7479,0.3625,0.2938,0.2938
255,1,1,0.0195,0.5375,0.3187,0.3417,0.3417
256,1,1,0.0195,0.6562,0.2792,0.3250,0.3250
257,1,1,0.0195,0.7042,0.2979,0.3125,0.3125
258,1,1,0.0195,0.7479,0.1750,0.2750,0.2750
259,1,1,0.0195,0.7438,0.3229,0.2917,0.2917
260,1,1,0.0195,0.7688,0.4792,0.3063,0.3063
261,1,1,0.0195,0.7104,0.6083,0.3688,0.3688
262,1,1,0.0195,0.7146,0.5312,0.4646,0.4646
263,1,1,0.0195,0.7604,0.4375,0.4771,0.4771
264,1,1,0.0195,0.7833,0.5229,0.4417,0.4417
265,1,1,0.0195,0.5729,0.3167,0.3937,0.3937
266,1,1,0.0195,0.7229,0.3146,0.5625,0.5625
267,1,1,0.0195,0.7521,0.4354,0.3104,0.3104
268,1,1,0.0195,0.8021,0.4354,0.4708,0.4708
269,1,1,0.0195,0.7125,0.3646,0.4354,0.4354
270,1,1,0.0195,0.8375,0.5021,0.4188,0.4188
271,1,1,0.0195,0.8625,0.6687,0.4396,0.4396
272,1,1,0.0195,0.8292,0.5979,0.4688,0.4688
273,1,1,0.0195,0.7708,0.3854,0.4708,0.4708
274,1,1,0.0195,0.8167,0.4896,0.3646,0.3646
275,1,1,0.0195,0.8417,0.5833,0.3604,0.3604
