format,budget_gib,held_out,arm,prefill_hit_rate,prefill_pairs,decode_hit_rate,decode_pairs,all_rounds_hit_rate,decode_swaps,total_swaps
iq3,4,chat,adaptive-on,0.0809,82290,0.5952,491520,0.5214,20302,20302
iq3,4,chat,adaptive-off,0.0809,82290,0.5889,491520,0.5161,20396,20396
iq3,4,chat,adaptive-seed,0.0809,82290,0.5935,491520,0.5200,20383,20383
iq3,4,chat,static,0.0809,82290,0.0601,491520,0.0631,0,0
iq3,4,chat,first-touch,0.4329,82290,0.2675,491520,0.2912,0,0
iq3,4,code,adaptive-on,0.2386,146680,0.5483,491520,0.4771,23469,23469
iq3,4,code,adaptive-off,0.2386,146680,0.5358,491520,0.4675,23566,23566
iq3,4,code,adaptive-seed,0.2386,146680,0.5458,491520,0.4752,23459,23459
iq3,4,code,static,0.2386,146680,0.2082,491520,0.2152,0,0
iq3,4,code,first-touch,0.4227,146680,0.2985,491520,0.3271,0,0
iq3,4,long,adaptive-on,0.2124,8665020,0.5505,245760,0.2217,11185,12049
iq3,4,long,adaptive-off,0.1374,8665020,0.5876,245760,0.1498,11155,11155
iq3,4,long,adaptive-seed,0.1374,8665020,0.5523,245760,0.1488,11223,11223
iq3,4,long,static,0.1374,8665020,0.3105,245760,0.1421,0,0
iq3,4,long,first-touch,0.2496,8665020,0.1912,245760,0.2480,0,0
iq3,4,long-0,adaptive-on,0.2106,4802510,0.5450,122880,0.2190,5795,6275
iq3,4,long-0,adaptive-off,0.1321,4802510,0.5767,122880,0.1432,5855,5855
iq3,4,long-0,adaptive-seed,0.1321,4802510,0.5433,122880,0.1423,5843,5843
iq3,4,long-0,static,0.1321,4802510,0.2976,122880,0.1362,0,0
iq3,4,long-0,first-touch,0.2695,4802510,0.2177,122880,0.2682,0,0
iq3,4,long-1,adaptive-on,0.2146,3862510,0.5561,122880,0.2252,5390,5774
iq3,4,long-1,adaptive-off,0.1440,3862510,0.5986,122880,0.1580,5300,5300
iq3,4,long-1,adaptive-seed,0.1440,3862510,0.5612,122880,0.1568,5380,5380
iq3,4,long-1,static,0.1440,3862510,0.3233,122880,0.1495,0,0
iq3,4,long-1,first-touch,0.2249,3862510,0.1647,122880,0.2231,0,0
iq3,7,chat,adaptive-on,0.1513,82290,0.6700,491520,0.5956,17421,17421
iq3,7,chat,adaptive-off,0.1513,82290,0.6614,491520,0.5882,17447,17447
iq3,7,chat,adaptive-seed,0.1513,82290,0.6674,491520,0.5934,17387,17387
iq3,7,chat,static,0.1513,82290,0.1237,491520,0.1277,0,0
iq3,7,chat,first-touch,0.6136,82290,0.5317,491520,0.5435,0,0
iq3,7,code,adaptive-on,0.3564,146680,0.6652,491520,0.5942,19922,19922
iq3,7,code,adaptive-off,0.3564,146680,0.6527,491520,0.5846,20421,20421
iq3,7,code,adaptive-seed,0.3564,146680,0.6635,491520,0.5929,19958,19958
iq3,7,code,static,0.3564,146680,0.3345,491520,0.3395,0,0
iq3,7,code,first-touch,0.5976,146680,0.5132,491520,0.5326,0,0
iq3,7,long,adaptive-on,0.2935,8665020,0.7032,245760,0.3048,9146,10010
iq3,7,long,adaptive-off,0.2202,8665020,0.7164,245760,0.2339,8904,8904
iq3,7,long,adaptive-seed,0.2202,8665020,0.7032,245760,0.2336,9214,9214
iq3,7,long,static,0.2202,8665020,0.4662,245760,0.2270,0,0
iq3,7,long,first-touch,0.4631,8665020,0.3584,245760,0.4602,0,0
iq3,7,long-0,adaptive-on,0.2941,4802510,0.7019,122880,0.3043,4652,5132
iq3,7,long-0,adaptive-off,0.2160,4802510,0.7082,122880,0.2282,4578,4578
iq3,7,long-0,adaptive-seed,0.2160,4802510,0.6984,122880,0.2280,4688,4688
iq3,7,long-0,static,0.2160,4802510,0.4461,122880,0.2217,0,0
iq3,7,long-0,first-touch,0.4507,4802510,0.3992,122880,0.4494,0,0
iq3,7,long-1,adaptive-on,0.2926,3862510,0.7045,122880,0.3053,4494,4878
iq3,7,long-1,adaptive-off,0.2256,3862510,0.7245,122880,0.2410,4326,4326
iq3,7,long-1,adaptive-seed,0.2256,3862510,0.7081,122880,0.2404,4526,4526
iq3,7,long-1,static,0.2256,3862510,0.4864,122880,0.2336,0,0
iq3,7,long-1,first-touch,0.4785,3862510,0.3176,122880,0.4735,0,0
iq3,14,chat,adaptive-on,0.3746,82290,0.7850,491520,0.7261,13498,13498
iq3,14,chat,adaptive-off,0.3746,82290,0.7755,491520,0.7180,13661,13661
iq3,14,chat,adaptive-seed,0.3746,82290,0.7837,491520,0.7250,13537,13537
iq3,14,chat,static,0.3746,82290,0.3168,491520,0.3251,0,0
iq3,14,chat,first-touch,0.6976,82290,0.8296,491520,0.8107,0,0
iq3,14,code,adaptive-on,0.5987,146680,0.8162,491520,0.7662,12546,12546
iq3,14,code,adaptive-off,0.5987,146680,0.8047,491520,0.7574,13115,13115
iq3,14,code,adaptive-seed,0.5987,146680,0.8152,491520,0.7654,12433,12433
iq3,14,code,static,0.5987,146680,0.5905,491520,0.5924,0,0
iq3,14,code,first-touch,0.7474,146680,0.8022,491520,0.7896,0,0
iq3,14,long,adaptive-on,0.4897,8665020,0.8681,245760,0.5001,5330,6194
iq3,14,long,adaptive-off,0.4247,8665020,0.8546,245760,0.4366,4622,4622
iq3,14,long,adaptive-seed,0.4247,8665020,0.8677,245760,0.4370,5796,5796
iq3,14,long,static,0.4247,8665020,0.6966,245760,0.4322,0,0
iq3,14,long,first-touch,0.7303,8665020,0.6160,245760,0.7272,0,0
iq3,14,long-0,adaptive-on,0.4812,4802510,0.8669,122880,0.4908,2658,3138
iq3,14,long-0,adaptive-off,0.4095,4802510,0.8433,122880,0.4203,2543,2543
iq3,14,long-0,adaptive-seed,0.4095,4802510,0.8636,122880,0.4208,2967,2967
iq3,14,long-0,static,0.4095,4802510,0.6680,122880,0.4159,0,0
iq3,14,long-0,first-touch,0.6931,4802510,0.6575,122880,0.6922,0,0
iq3,14,long-1,adaptive-on,0.5002,3862510,0.8693,122880,0.5116,2672,3056
iq3,14,long-1,adaptive-off,0.4437,3862510,0.8660,122880,0.4567,2079,2079
iq3,14,long-1,adaptive-seed,0.4437,3862510,0.8718,122880,0.4569,2829,2829
iq3,14,long-1,static,0.4437,3862510,0.7253,122880,0.4524,0,0
iq3,14,long-1,first-touch,0.7766,3862510,0.5745,122880,0.7704,0,0
q8,4,chat,adaptive-on,0.0343,82290,0.4116,491520,0.3575,19673,19673
q8,4,chat,adaptive-off,0.0343,82290,0.4057,491520,0.3525,19710,19710
q8,4,chat,adaptive-seed,0.0343,82290,0.4103,491520,0.3564,19664,19664
q8,4,chat,static,0.0343,82290,0.0139,491520,0.0168,0,0
q8,4,chat,first-touch,0.0752,82290,0.0103,491520,0.0197,0,0
q8,4,code,adaptive-on,0.0965,146680,0.3430,491520,0.2863,22425,22425
q8,4,code,adaptive-off,0.0965,146680,0.3363,491520,0.2812,22733,22733
q8,4,code,adaptive-seed,0.0965,146680,0.3419,491520,0.2855,22458,22458
q8,4,code,static,0.0965,146680,0.0710,491520,0.0769,0,0
q8,4,code,first-touch,0.0605,146680,0.0249,491520,0.0330,0,0
q8,4,long,adaptive-on,0.1322,8665020,0.2932,245760,0.1367,9308,10172
q8,4,long,adaptive-off,0.0539,8665020,0.3374,245760,0.0617,10866,10866
q8,4,long,adaptive-seed,0.0539,8665020,0.2915,245760,0.0605,9724,9724
q8,4,long,static,0.0539,8665020,0.1289,245760,0.0560,0,0
q8,4,long,first-touch,0.0371,8665020,0.0188,245760,0.0366,0,0
q8,4,long-0,adaptive-on,0.1287,4802510,0.2833,122880,0.1326,4800,5280
q8,4,long-0,adaptive-off,0.0479,4802510,0.3252,122880,0.0548,5612,5612
q8,4,long-0,adaptive-seed,0.0479,4802510,0.2809,122880,0.0537,5018,5018
q8,4,long-0,static,0.0479,4802510,0.1230,122880,0.0497,0,0
q8,4,long-0,first-touch,0.0457,4802510,0.0238,122880,0.0452,0,0
q8,4,long-1,adaptive-on,0.1366,3862510,0.3030,122880,0.1418,4508,4892
q8,4,long-1,adaptive-off,0.0615,3862510,0.3497,122880,0.0703,5254,5254
q8,4,long-1,adaptive-seed,0.0615,3862510,0.3021,122880,0.0689,4706,4706
q8,4,long-1,static,0.0615,3862510,0.1349,122880,0.0637,0,0
q8,4,long-1,first-touch,0.0264,3862510,0.0138,122880,0.0260,0,0
q8,7,chat,adaptive-on,0.0490,82290,0.5056,491520,0.4401,21671,21671
q8,7,chat,adaptive-off,0.0490,82290,0.5001,491520,0.4354,21607,21607
q8,7,chat,adaptive-seed,0.0490,82290,0.5045,491520,0.4392,21608,21608
q8,7,chat,static,0.0490,82290,0.0276,491520,0.0307,0,0
q8,7,chat,first-touch,0.2006,82290,0.0405,491520,0.0634,0,0
q8,7,code,adaptive-on,0.1461,146680,0.4351,491520,0.3687,24317,24317
q8,7,code,adaptive-off,0.1461,146680,0.4255,491520,0.3613,24356,24356
q8,7,code,adaptive-seed,0.1461,146680,0.4333,491520,0.3673,24324,24324
q8,7,code,static,0.1461,146680,0.1148,491520,0.1220,0,0
q8,7,code,first-touch,0.1692,146680,0.0809,491520,0.1012,0,0
q8,7,long,adaptive-on,0.1609,8665020,0.3982,245760,0.1674,11285,12149
q8,7,long,adaptive-off,0.0834,8665020,0.4511,245760,0.0936,11828,11828
q8,7,long,adaptive-seed,0.0834,8665020,0.4005,245760,0.0922,11447,11447
q8,7,long,static,0.0834,8665020,0.2019,245760,0.0867,0,0
q8,7,long,first-touch,0.0717,8665020,0.0585,245760,0.0713,0,0
q8,7,long-0,adaptive-on,0.1571,4802510,0.3894,122880,0.1629,5810,6290
q8,7,long-0,adaptive-off,0.0762,4802510,0.4364,122880,0.0852,6080,6080
q8,7,long-0,adaptive-seed,0.0762,4802510,0.3879,122880,0.0840,5866,5866
q8,7,long-0,static,0.0762,4802510,0.1936,122880,0.0791,0,0
q8,7,long-0,first-touch,0.0900,4802510,0.0692,122880,0.0895,0,0
q8,7,long-1,adaptive-on,0.1657,3862510,0.4070,122880,0.1731,5475,5859
q8,7,long-1,adaptive-off,0.0924,3862510,0.4659,122880,0.1039,5748,5748
q8,7,long-1,adaptive-seed,0.0924,3862510,0.4131,122880,0.1023,5581,5581
q8,7,long-1,static,0.0924,3862510,0.2103,122880,0.0960,0,0
q8,7,long-1,first-touch,0.0489,3862510,0.0479,122880,0.0489,0,0
q8,14,chat,adaptive-on,0.0908,82290,0.6162,491520,0.5408,19479,19479
q8,14,chat,adaptive-off,0.0908,82290,0.6097,491520,0.5353,19554,19554
q8,14,chat,adaptive-seed,0.0908,82290,0.6141,491520,0.5390,19549,19549
q8,14,chat,static,0.0908,82290,0.0705,491520,0.0734,0,0
q8,14,chat,first-touch,0.4831,82290,0.3410,491520,0.3614,0,0
q8,14,code,adaptive-on,0.2599,146680,0.5756,491520,0.5030,22839,22839
q8,14,code,adaptive-off,0.2599,146680,0.5639,491520,0.4940,22903,22903
q8,14,code,adaptive-seed,0.2599,146680,0.5739,491520,0.5017,22703,22703
q8,14,code,static,0.2599,146680,0.2305,491520,0.2373,0,0
q8,14,code,first-touch,0.4698,146680,0.3435,491520,0.3726,0,0
q8,14,long,adaptive-on,0.2269,8665020,0.5873,245760,0.2368,10872,11736
q8,14,long,adaptive-off,0.1522,8665020,0.6198,245760,0.1651,10678,10678
q8,14,long,adaptive-seed,0.1522,8665020,0.5875,245760,0.1642,10850,10850
q8,14,long,static,0.1522,8665020,0.3408,245760,0.1574,0,0
q8,14,long,first-touch,0.2963,8665020,0.2190,245760,0.2941,0,0
q8,14,long-0,adaptive-on,0.2243,4802510,0.5831,122880,0.2332,5622,6102
q8,14,long-0,adaptive-off,0.1460,4802510,0.6102,122880,0.1576,5606,5606
q8,14,long-0,adaptive-seed,0.1460,4802510,0.5793,122880,0.1568,5645,5645
q8,14,long-0,static,0.1460,4802510,0.3262,122880,0.1505,0,0
q8,14,long-0,first-touch,0.3145,4802510,0.2518,122880,0.3130,0,0
q8,14,long-1,adaptive-on,0.2301,3862510,0.5915,122880,0.2413,5250,5634
q8,14,long-1,adaptive-off,0.1599,3862510,0.6295,122880,0.1744,5072,5072
q8,14,long-1,adaptive-seed,0.1599,3862510,0.5957,122880,0.1733,5205,5205
q8,14,long-1,static,0.1599,3862510,0.3554,122880,0.1659,0,0
q8,14,long-1,first-touch,0.2736,3862510,0.1862,122880,0.2709,0,0
