phase,loo_by,format,policy,budget_gib_nominal,resident_gib_mean,resident_fraction_of_experts,hit_rate_token_weighted,cpu_gib_per_token_token_weighted,swaps_per_token,tokens,n_test_groups,hit_rate_min_group,hit_rate_max_group
all,id,iq3,adaptive,2,1.956,0.0509,0.2407,0.5800,2.661,21483,10,0.2084,0.4542
all,id,iq3,adaptive,4,3.961,0.1029,0.3404,0.5049,2.598,21483,10,0.3052,0.5485
all,id,iq3,adaptive,7,6.954,0.1807,0.4562,0.4181,2.198,21483,10,0.4269,0.6174
all,id,iq3,adaptive,10,9.964,0.2589,0.5486,0.3489,1.848,21483,10,0.5247,0.7103
all,id,iq3,adaptive,14,13.953,0.3626,0.6512,0.2720,1.478,21483,10,0.6359,0.8001
all,id,iq3,adaptive,18,17.956,0.4666,0.7380,0.2071,1.141,21483,10,0.7214,0.8628
all,id,iq3,adaptive,24,23.972,0.6229,0.8502,0.1229,0.702,21483,10,0.8363,0.9305
all,id,iq3,first-touch,2,1.956,0.0509,0.0662,0.7153,0.000,21483,10,0.0458,0.1000
all,id,iq3,first-touch,4,3.961,0.1029,0.2554,0.5793,0.000,21483,10,0.2231,0.3717
all,id,iq3,first-touch,7,6.954,0.1807,0.4694,0.4161,0.000,21483,10,0.4494,0.5631
all,id,iq3,first-touch,10,9.964,0.2589,0.6088,0.3084,0.000,21483,10,0.5740,0.7340
all,id,iq3,first-touch,14,13.953,0.3626,0.7357,0.2102,0.000,21483,10,0.6922,0.8492
all,id,iq3,first-touch,18,17.956,0.4666,0.8215,0.1444,0.000,21483,10,0.7811,0.9038
all,id,iq3,first-touch,24,23.972,0.6229,0.9082,0.0773,0.000,21483,10,0.8893,0.9319
all,id,iq3,static,2,1.956,0.0509,0.1427,0.6538,0.000,21483,10,0.0210,0.1722
all,id,iq3,static,4,3.961,0.1029,0.2389,0.5821,0.000,21483,10,0.0468,0.2862
all,id,iq3,static,7,6.954,0.1807,0.3600,0.4921,0.000,21483,10,0.1007,0.4230
all,id,iq3,static,10,9.964,0.2589,0.4607,0.4171,0.000,21483,10,0.1752,0.5303
all,id,iq3,static,14,13.953,0.3626,0.5742,0.3321,0.000,21483,10,0.2957,0.6588
all,id,iq3,static,18,17.956,0.4666,0.6712,0.2598,0.000,21483,10,0.4169,0.7689
all,id,iq3,static,24,23.972,0.6229,0.7997,0.1636,0.000,21483,10,0.6162,0.8841
all,id,iq3,oracle,2,1.956,0.0509,0.3800,0.4783,0.000,21483,10,0.3436,0.5220
all,id,iq3,oracle,4,3.961,0.1029,0.5366,0.3597,0.000,21483,10,0.4858,0.6963
all,id,iq3,oracle,7,6.954,0.1807,0.6807,0.2499,0.000,21483,10,0.6275,0.8397
all,id,iq3,oracle,10,9.964,0.2589,0.7755,0.1774,0.000,21483,10,0.7286,0.9207
all,id,iq3,oracle,14,13.953,0.3626,0.8589,0.1134,0.000,21483,10,0.8239,0.9711
all,id,iq3,oracle,18,17.956,0.4666,0.9143,0.0705,0.000,21483,10,0.8908,0.9907
all,id,iq3,oracle,24,23.972,0.6229,0.9630,0.0319,0.000,21483,10,0.9523,0.9985
all,id,q8,adaptive,2,1.868,0.0156,0.1385,1.9739,1.520,21483,10,0.1226,0.2638
all,id,q8,adaptive,4,3.969,0.0332,0.2019,1.8286,2.421,21483,10,0.1764,0.3843
all,id,q8,adaptive,7,6.770,0.0566,0.2549,1.7069,2.690,21483,10,0.2208,0.4784
all,id,q8,adaptive,10,9.805,0.0820,0.3038,1.5949,2.685,21483,10,0.2666,0.5299
all,id,q8,adaptive,14,13.774,0.1152,0.3630,1.4591,2.515,21483,10,0.3287,0.5629
all,id,q8,adaptive,18,17.976,0.1504,0.4143,1.3415,2.318,21483,10,0.3804,0.5941
all,id,q8,adaptive,24,23.813,0.1992,0.4793,1.1927,2.083,21483,10,0.4500,0.6457
all,id,q8,first-touch,2,1.868,0.0156,0.0168,2.2533,0.000,21483,10,0.0047,0.0222
all,id,q8,first-touch,4,3.969,0.0332,0.0354,2.2106,0.000,21483,10,0.0169,0.0452
all,id,q8,first-touch,7,6.770,0.0566,0.0727,2.1251,0.000,21483,10,0.0489,0.1240
all,id,q8,first-touch,10,9.805,0.0820,0.1669,1.9091,0.000,21483,10,0.1331,0.2797
all,id,q8,first-touch,14,13.774,0.1152,0.3028,1.5976,0.000,21483,10,0.2709,0.4189
all,id,q8,first-touch,18,17.976,0.1504,0.4021,1.3699,0.000,21483,10,0.3928,0.5081
all,id,q8,first-touch,24,23.813,0.1992,0.5178,1.1048,0.000,21483,10,0.4929,0.6409
all,id,q8,static,2,1.868,0.0156,0.0622,2.1495,0.000,21483,10,0.0067,0.0734
all,id,q8,static,4,3.969,0.0332,0.1088,2.0426,0.000,21483,10,0.0152,0.1322
all,id,q8,static,7,6.770,0.0566,0.1553,1.9362,0.000,21483,10,0.0250,0.1879
all,id,q8,static,10,9.805,0.0820,0.2018,1.8296,0.000,21483,10,0.0366,0.2442
all,id,q8,static,14,13.774,0.1152,0.2620,1.6918,0.000,21483,10,0.0561,0.3116
all,id,q8,static,18,17.976,0.1504,0.3154,1.5694,0.000,21483,10,0.0794,0.3777
all,id,q8,static,24,23.813,0.1992,0.3847,1.4106,0.000,21483,10,0.1179,0.4551
all,id,q8,oracle,2,1.868,0.0156,0.1912,1.8533,0.000,21483,10,0.1724,0.3112
all,id,q8,oracle,4,3.969,0.0332,0.3029,1.5972,0.000,21483,10,0.2747,0.4384
all,id,q8,oracle,7,6.770,0.0566,0.4043,1.3648,0.000,21483,10,0.3660,0.5491
all,id,q8,oracle,10,9.805,0.0820,0.4860,1.1775,0.000,21483,10,0.4394,0.6416
all,id,q8,oracle,14,13.774,0.1152,0.5683,0.9889,0.000,21483,10,0.5158,0.7300
all,id,q8,oracle,18,17.976,0.1504,0.6366,0.8324,0.000,21483,10,0.5822,0.7981
all,id,q8,oracle,24,23.813,0.1992,0.7107,0.6625,0.000,21483,10,0.6578,0.8707
all,set,iq3,adaptive,2,1.956,0.0509,0.1849,0.6233,2.676,21483,3,0.1584,0.4192
all,set,iq3,adaptive,4,3.961,0.1029,0.2543,0.5714,2.598,21483,3,0.2217,0.5214
all,set,iq3,adaptive,7,6.954,0.1807,0.3390,0.5080,2.204,21483,3,0.3048,0.5956
all,set,iq3,adaptive,10,9.964,0.2589,0.4208,0.4478,1.854,21483,3,0.3879,0.6797
all,set,iq3,adaptive,14,13.953,0.3626,0.5293,0.3671,1.501,21483,3,0.5001,0.7662
all,set,iq3,adaptive,18,17.956,0.4666,0.6398,0.2849,1.187,21483,3,0.6163,0.8341
all,set,iq3,adaptive,24,23.972,0.6229,0.7945,0.1687,0.761,21483,3,0.7810,0.9114
all,set,iq3,first-touch,2,1.956,0.0509,0.0662,0.7153,0.000,21483,3,0.0544,0.0839
all,set,iq3,first-touch,4,3.961,0.1029,0.2554,0.5793,0.000,21483,3,0.2480,0.3271
all,set,iq3,first-touch,7,6.954,0.1807,0.4694,0.4161,0.000,21483,3,0.4602,0.5435
all,set,iq3,first-touch,10,9.964,0.2589,0.6088,0.3084,0.000,21483,3,0.5998,0.6837
all,set,iq3,first-touch,14,13.953,0.3626,0.7357,0.2102,0.000,21483,3,0.7272,0.8107
all,set,iq3,first-touch,18,17.956,0.4666,0.8215,0.1444,0.000,21483,3,0.8154,0.8786
all,set,iq3,first-touch,24,23.972,0.6229,0.9082,0.0773,0.000,21483,3,0.9007,0.9143
all,set,iq3,static,2,1.956,0.0509,0.0762,0.7058,0.000,21483,3,0.0254,0.1109
all,set,iq3,static,4,3.961,0.1029,0.1423,0.6569,0.000,21483,3,0.0631,0.2152
all,set,iq3,static,7,6.954,0.1807,0.2285,0.5927,0.000,21483,3,0.1277,0.3395
all,set,iq3,static,10,9.964,0.2589,0.3171,0.5278,0.000,21483,3,0.2047,0.4546
all,set,iq3,static,14,13.953,0.3626,0.4362,0.4394,0.000,21483,3,0.3251,0.5924
all,set,iq3,static,18,17.956,0.4666,0.5583,0.3490,0.000,21483,3,0.4435,0.7074
all,set,iq3,static,24,23.972,0.6229,0.7332,0.2194,0.000,21483,3,0.6220,0.8414
all,set,iq3,oracle,2,1.956,0.0509,0.3100,0.5303,0.000,21483,3,0.3049,0.3625
all,set,iq3,oracle,4,3.961,0.1029,0.4603,0.4172,0.000,21483,3,0.4516,0.5293
all,set,iq3,oracle,7,6.954,0.1807,0.6105,0.3037,0.000,21483,3,0.5992,0.7031
all,set,iq3,oracle,10,9.964,0.2589,0.7159,0.2235,0.000,21483,3,0.7040,0.8203
all,set,iq3,oracle,14,13.953,0.3626,0.8148,0.1480,0.000,21483,3,0.8038,0.9123
all,set,iq3,oracle,18,17.956,0.4666,0.8832,0.0954,0.000,21483,3,0.8745,0.9603
all,set,iq3,oracle,24,23.972,0.6229,0.9470,0.0454,0.000,21483,3,0.9420,0.9902
all,set,q8,adaptive,2,1.868,0.0156,0.1170,2.0231,1.525,21483,3,0.1038,0.2457
all,set,q8,adaptive,4,3.969,0.0332,0.1583,1.9283,2.433,21483,3,0.1367,0.3575
all,set,q8,adaptive,7,6.770,0.0566,0.1952,1.8436,2.706,21483,3,0.1674,0.4401
all,set,q8,adaptive,10,9.805,0.0820,0.2289,1.7662,2.693,21483,3,0.1975,0.4949
all,set,q8,adaptive,14,13.774,0.1152,0.2704,1.6710,2.516,21483,3,0.2368,0.5408
all,set,q8,adaptive,18,17.976,0.1504,0.3082,1.5844,2.324,21483,3,0.2736,0.5736
all,set,q8,adaptive,24,23.813,0.1992,0.3579,1.4704,2.087,21483,3,0.3233,0.6217
all,set,q8,first-touch,2,1.868,0.0156,0.0168,2.2533,0.000,21483,3,0.0051,0.0179
all,set,q8,first-touch,4,3.969,0.0332,0.0354,2.2106,0.000,21483,3,0.0197,0.0366
all,set,q8,first-touch,7,6.770,0.0566,0.0727,2.1251,0.000,21483,3,0.0634,0.1012
all,set,q8,first-touch,10,9.805,0.0820,0.1669,1.9091,0.000,21483,3,0.1607,0.2381
all,set,q8,first-touch,14,13.774,0.1152,0.3028,1.5976,0.000,21483,3,0.2941,0.3726
all,set,q8,first-touch,18,17.976,0.1504,0.4021,1.3699,0.000,21483,3,0.3929,0.4729
all,set,q8,first-touch,24,23.813,0.1992,0.5178,1.1048,0.000,21483,3,0.5088,0.5948
all,set,q8,static,2,1.868,0.0156,0.0288,2.2259,0.000,21483,3,0.0066,0.0400
all,set,q8,static,4,3.969,0.0332,0.0551,2.1655,0.000,21483,3,0.0168,0.0769
all,set,q8,static,7,6.770,0.0566,0.0857,2.0953,0.000,21483,3,0.0307,0.1220
all,set,q8,static,10,9.805,0.0820,0.1171,2.0234,0.000,21483,3,0.0479,0.1754
all,set,q8,static,14,13.774,0.1152,0.1577,1.9304,0.000,21483,3,0.0734,0.2373
all,set,q8,static,18,17.976,0.1504,0.1960,1.8425,0.000,21483,3,0.1003,0.2977
all,set,q8,static,24,23.813,0.1992,0.2488,1.7217,0.000,21483,3,0.1441,0.3726
all,set,q8,oracle,2,1.868,0.0156,0.1460,1.9571,0.000,21483,3,0.1360,0.1698
all,set,q8,oracle,4,3.969,0.0332,0.2408,1.7398,0.000,21483,3,0.2377,0.2817
all,set,q8,oracle,7,6.770,0.0566,0.3320,1.5308,0.000,21483,3,0.3263,0.3877
all,set,q8,oracle,10,9.805,0.0820,0.4092,1.3538,0.000,21483,3,0.4015,0.4743
all,set,q8,oracle,14,13.774,0.1152,0.4911,1.1660,0.000,21483,3,0.4815,0.5640
all,set,q8,oracle,18,17.976,0.1504,0.5618,1.0040,0.000,21483,3,0.5508,0.6481
all,set,q8,oracle,24,23.813,0.1992,0.6420,0.8201,0.000,21483,3,0.6300,0.7421
decode,id,iq3,adaptive,2,1.956,0.0509,0.4503,0.4348,22.355,2560,10,0.4077,0.5396
decode,id,iq3,adaptive,4,3.961,0.1029,0.5986,0.3186,21.434,2560,10,0.5501,0.6745
decode,id,iq3,adaptive,7,6.954,0.1807,0.7218,0.2215,17.085,2560,10,0.6795,0.7605
decode,id,iq3,adaptive,10,9.964,0.2589,0.7953,0.1636,13.106,2560,10,0.7585,0.8172
decode,id,iq3,adaptive,14,13.953,0.3626,0.8625,0.1112,9.068,2560,10,0.8370,0.8823
decode,id,iq3,adaptive,18,17.956,0.4666,0.9076,0.0758,6.067,2560,10,0.8915,0.9236
decode,id,iq3,adaptive,24,23.972,0.6229,0.9532,0.0395,2.987,2560,10,0.9444,0.9637
decode,id,iq3,first-touch,2,1.956,0.0509,0.1553,0.6671,0.000,2560,10,0.1016,0.2113
decode,id,iq3,first-touch,4,3.961,0.1029,0.3891,0.4896,0.000,2560,10,0.3182,0.4350
decode,id,iq3,first-touch,7,6.954,0.1807,0.6007,0.3223,0.000,2560,10,0.5333,0.6475
decode,id,iq3,first-touch,10,9.964,0.2589,0.7310,0.2196,0.000,2560,10,0.6763,0.7983
decode,id,iq3,first-touch,14,13.953,0.3626,0.8338,0.1366,0.000,2560,10,0.7887,0.8871
decode,id,iq3,first-touch,18,17.956,0.4666,0.8818,0.0953,0.000,2560,10,0.8471,0.9147
decode,id,iq3,first-touch,24,23.972,0.6229,0.9036,0.0755,0.000,2560,10,0.8846,0.9231
decode,id,iq3,static,2,1.956,0.0509,0.1772,0.6432,0.000,2560,10,0.1044,0.2423
decode,id,iq3,static,4,3.961,0.1029,0.2940,0.5531,0.000,2560,10,0.2092,0.3719
decode,id,iq3,static,7,6.954,0.1807,0.4361,0.4438,0.000,2560,10,0.3400,0.5356
decode,id,iq3,static,10,9.964,0.2589,0.5479,0.3579,0.000,2560,10,0.4435,0.6544
decode,id,iq3,static,14,13.953,0.3626,0.6664,0.2668,0.000,2560,10,0.5562,0.7721
decode,id,iq3,static,18,17.956,0.4666,0.7594,0.1950,0.000,2560,10,0.6667,0.8478
decode,id,iq3,static,24,23.972,0.6229,0.8620,0.1145,0.000,2560,10,0.7779,0.9257
decode,id,iq3,oracle,2,1.956,0.0509,0.4908,0.4042,0.000,2560,10,0.4404,0.5647
decode,id,iq3,oracle,4,3.961,0.1029,0.6711,0.2640,0.000,2560,10,0.6224,0.7449
decode,id,iq3,oracle,7,6.954,0.1807,0.8199,0.1472,0.000,2560,10,0.7745,0.8742
decode,id,iq3,oracle,10,9.964,0.2589,0.9026,0.0814,0.000,2560,10,0.8671,0.9380
decode,id,iq3,oracle,14,13.953,0.3626,0.9595,0.0351,0.000,2560,10,0.9374,0.9795
decode,id,iq3,oracle,18,17.956,0.4666,0.9848,0.0136,0.000,2560,10,0.9729,0.9939
decode,id,iq3,oracle,24,23.972,0.6229,0.9971,0.0026,0.000,2560,10,0.9938,0.9993
decode,id,q8,adaptive,2,1.868,0.0156,0.2476,1.7566,13.689,2560,10,0.2061,0.3058
decode,id,q8,adaptive,4,3.969,0.0332,0.3722,1.4656,20.771,2560,10,0.3248,0.4508
decode,id,q8,adaptive,7,6.770,0.0566,0.4765,1.2221,22.559,2560,10,0.4365,0.5708
decode,id,q8,adaptive,10,9.805,0.0820,0.5543,1.0405,22.235,2560,10,0.5072,0.6421
decode,id,q8,adaptive,14,13.774,0.1152,0.6292,0.8657,20.594,2560,10,0.5828,0.6958
decode,id,q8,adaptive,18,17.976,0.1504,0.6881,0.7281,18.501,2560,10,0.6440,0.7365
decode,id,q8,adaptive,24,23.813,0.1992,0.7476,0.5894,15.607,2560,10,0.7074,0.7774
decode,id,q8,first-touch,2,1.868,0.0156,0.0300,2.2646,0.000,2560,10,0.0168,0.0520
decode,id,q8,first-touch,4,3.969,0.0332,0.0762,2.1566,0.000,2560,10,0.0517,0.1143
decode,id,q8,first-touch,7,6.770,0.0566,0.1802,1.9139,0.000,2560,10,0.1205,0.2427
decode,id,q8,first-touch,10,9.805,0.0820,0.3059,1.6204,0.000,2560,10,0.2227,0.3670
decode,id,q8,first-touch,14,13.774,0.1152,0.4409,1.3052,0.000,2560,10,0.3834,0.4838
decode,id,q8,first-touch,18,17.976,0.1504,0.5453,1.0615,0.000,2560,10,0.4785,0.5823
decode,id,q8,first-touch,24,23.813,0.1992,0.6468,0.8246,0.000,2560,10,0.5744,0.7100
decode,id,q8,static,2,1.868,0.0156,0.0750,2.1596,0.000,2560,10,0.0344,0.1151
decode,id,q8,static,4,3.969,0.0332,0.1335,2.0228,0.000,2560,10,0.0701,0.1859
decode,id,q8,static,7,6.770,0.0566,0.1935,1.8828,0.000,2560,10,0.1187,0.2602
decode,id,q8,static,10,9.805,0.0820,0.2539,1.7419,0.000,2560,10,0.1739,0.3286
decode,id,q8,static,14,13.774,0.1152,0.3222,1.5824,0.000,2560,10,0.2334,0.4005
decode,id,q8,static,18,17.976,0.1504,0.3883,1.4281,0.000,2560,10,0.2942,0.4772
decode,id,q8,static,24,23.813,0.1992,0.4673,1.2435,0.000,2560,10,0.3715,0.5668
decode,id,q8,oracle,2,1.868,0.0156,0.2610,1.7254,0.000,2560,10,0.2125,0.3328
decode,id,q8,oracle,4,3.969,0.0332,0.3997,1.4013,0.000,2560,10,0.3466,0.4708
decode,id,q8,oracle,7,6.770,0.0566,0.5211,1.1182,0.000,2560,10,0.4715,0.5972
decode,id,q8,oracle,10,9.805,0.0820,0.6157,0.8971,0.000,2560,10,0.5692,0.6920
decode,id,q8,oracle,14,13.774,0.1152,0.7069,0.6843,0.000,2560,10,0.6578,0.7777
decode,id,q8,oracle,18,17.976,0.1504,0.7785,0.5171,0.000,2560,10,0.7309,0.8394
decode,id,q8,oracle,24,23.813,0.1992,0.8503,0.3495,0.000,2560,10,0.8080,0.8968
decode,set,iq3,adaptive,2,1.956,0.0509,0.4450,0.4388,22.365,2560,3,0.4123,0.4899
decode,set,iq3,adaptive,4,3.961,0.1029,0.5891,0.3257,21.497,2560,3,0.5524,0.6272
decode,set,iq3,adaptive,7,6.954,0.1807,0.7077,0.2321,17.564,2560,3,0.6785,0.7336
decode,set,iq3,adaptive,10,9.964,0.2589,0.7796,0.1755,14.004,2560,3,0.7576,0.7971
decode,set,iq3,adaptive,14,13.953,0.3626,0.8449,0.1245,10.397,2560,3,0.8286,0.8569
decode,set,iq3,adaptive,18,17.956,0.4666,0.8910,0.0887,7.513,2560,3,0.8788,0.9022
decode,set,iq3,adaptive,24,23.972,0.6229,0.9392,0.0507,4.333,2560,3,0.9313,0.9511
decode,set,iq3,first-touch,2,1.956,0.0509,0.1553,0.6671,0.000,2560,3,0.1440,0.1667
decode,set,iq3,first-touch,4,3.961,0.1029,0.3891,0.4896,0.000,2560,3,0.3652,0.3961
decode,set,iq3,first-touch,7,6.954,0.1807,0.6007,0.3223,0.000,2560,3,0.5748,0.6086
decode,set,iq3,first-touch,10,9.964,0.2589,0.7310,0.2196,0.000,2560,3,0.7114,0.7438
decode,set,iq3,first-touch,14,13.953,0.3626,0.8338,0.1366,0.000,2560,3,0.8158,0.8550
decode,set,iq3,first-touch,18,17.956,0.4666,0.8818,0.0953,0.000,2560,3,0.8651,0.8994
decode,set,iq3,first-touch,24,23.972,0.6229,0.9036,0.0755,0.000,2560,3,0.8931,0.9153
decode,set,iq3,static,2,1.956,0.0509,0.1196,0.6878,0.000,2560,3,0.0854,0.1875
decode,set,iq3,static,4,3.961,0.1029,0.2209,0.6096,0.000,2560,3,0.1694,0.3178
decode,set,iq3,static,7,6.954,0.1807,0.3493,0.5098,0.000,2560,3,0.2826,0.4780
decode,set,iq3,static,10,9.964,0.2589,0.4548,0.4289,0.000,2560,3,0.3757,0.5908
decode,set,iq3,static,14,13.953,0.3626,0.5745,0.3377,0.000,2560,3,0.4916,0.7060
decode,set,iq3,static,18,17.956,0.4666,0.6747,0.2609,0.000,2560,3,0.5948,0.7905
decode,set,iq3,static,24,23.972,0.6229,0.7912,0.1709,0.000,2560,3,0.7169,0.8903
decode,set,iq3,oracle,2,1.956,0.0509,0.3662,0.5004,0.000,2560,3,0.3499,0.3982
decode,set,iq3,oracle,4,3.961,0.1029,0.5530,0.3560,0.000,2560,3,0.5393,0.5951
decode,set,iq3,oracle,7,6.954,0.1807,0.7245,0.2223,0.000,2560,3,0.6994,0.7643
decode,set,iq3,oracle,10,9.964,0.2589,0.8319,0.1377,0.000,2560,3,0.8049,0.8618
decode,set,iq3,oracle,14,13.953,0.3626,0.9164,0.0703,0.000,2560,3,0.8939,0.9348
decode,set,iq3,oracle,18,17.956,0.4666,0.9610,0.0338,0.000,2560,3,0.9458,0.9718
decode,set,iq3,oracle,24,23.972,0.6229,0.9893,0.0097,0.000,2560,3,0.9826,0.9939
decode,set,q8,adaptive,2,1.868,0.0156,0.2461,1.7601,13.739,2560,3,0.2107,0.2816
decode,set,q8,adaptive,4,3.969,0.0332,0.3683,1.4748,20.804,2560,3,0.3353,0.4126
decode,set,q8,adaptive,7,6.770,0.0566,0.4706,1.2361,22.575,2560,3,0.4349,0.5168
decode,set,q8,adaptive,10,9.805,0.0820,0.5466,1.0584,22.256,2560,3,0.5079,0.5900
decode,set,q8,adaptive,14,13.774,0.1152,0.6189,0.8897,20.689,2560,3,0.5832,0.6548
decode,set,q8,adaptive,18,17.976,0.1504,0.6760,0.7565,18.757,2560,3,0.6444,0.7054
decode,set,q8,adaptive,24,23.813,0.1992,0.7332,0.6228,16.228,2560,3,0.7074,0.7557
decode,set,q8,first-touch,2,1.868,0.0156,0.0300,2.2646,0.000,2560,3,0.0212,0.0385
decode,set,q8,first-touch,4,3.969,0.0332,0.0762,2.1566,0.000,2560,3,0.0615,0.0897
decode,set,q8,first-touch,7,6.770,0.0566,0.1802,1.9139,0.000,2560,3,0.1653,0.1934
decode,set,q8,first-touch,10,9.805,0.0820,0.3059,1.6204,0.000,2560,3,0.2904,0.3130
decode,set,q8,first-touch,14,13.774,0.1152,0.4409,1.3052,0.000,2560,3,0.4124,0.4510
decode,set,q8,first-touch,18,17.976,0.1504,0.5453,1.0615,0.000,2560,3,0.5155,0.5556
decode,set,q8,first-touch,24,23.813,0.1992,0.6468,0.8246,0.000,2560,3,0.6175,0.6559
decode,set,q8,static,2,1.868,0.0156,0.0425,2.2354,0.000,2560,3,0.0254,0.0765
decode,set,q8,static,4,3.969,0.0332,0.0827,2.1416,0.000,2560,3,0.0564,0.1358
decode,set,q8,static,7,6.770,0.0566,0.1335,2.0230,0.000,2560,3,0.0978,0.2083
decode,set,q8,static,10,9.805,0.0820,0.1853,1.9021,0.000,2560,3,0.1420,0.2699
decode,set,q8,static,14,13.774,0.1152,0.2476,1.7565,0.000,2560,3,0.1933,0.3524
decode,set,q8,static,18,17.976,0.1504,0.3072,1.6173,0.000,2560,3,0.2422,0.4301
decode,set,q8,static,24,23.813,0.1992,0.3782,1.4517,0.000,2560,3,0.3077,0.5117
decode,set,q8,oracle,2,1.868,0.0156,0.1613,1.9580,0.000,2560,3,0.1447,0.1764
decode,set,q8,oracle,4,3.969,0.0332,0.2785,1.6843,0.000,2560,3,0.2600,0.3039
decode,set,q8,oracle,7,6.770,0.0566,0.3954,1.4115,0.000,2560,3,0.3800,0.4301
decode,set,q8,oracle,10,9.805,0.0820,0.4925,1.1848,0.000,2560,3,0.4819,0.5325
decode,set,q8,oracle,14,13.774,0.1152,0.5919,0.9528,0.000,2560,3,0.5755,0.6338
decode,set,q8,oracle,18,17.976,0.1504,0.6741,0.7608,0.000,2560,3,0.6521,0.7153
decode,set,q8,oracle,24,23.813,0.1992,0.7613,0.5573,0.000,2560,3,0.7352,0.7978
