param,value,format,budget_gib,hit_rate_token_weighted,delta_vs_default,cpu_gib_per_token_token_weighted,swaps_per_token
default,,iq3,4,0.5891,+0.0000,0.3257,21.50
default,,iq3,7,0.7077,+0.0000,0.2321,17.56
default,,iq3,14,0.8449,+0.0000,0.1245,10.40
default,,q8,4,0.3683,+0.0000,1.4748,20.80
default,,q8,7,0.4706,+0.0000,1.2361,22.57
default,,q8,14,0.6189,+0.0000,0.8897,20.69
every,1,iq3,4,0.5940,+0.0049,0.3218,20.75
every,1,iq3,7,0.7012,-0.0065,0.2370,14.50
every,1,iq3,14,0.8332,-0.0117,0.1339,8.23
every,1,q8,4,0.3735,+0.0052,1.4626,31.91
every,1,q8,7,0.4783,+0.0077,1.2180,28.39
every,1,q8,14,0.6221,+0.0032,0.8822,18.92
every,2,iq3,4,0.5945,+0.0054,0.3214,21.51
every,2,iq3,7,0.7018,-0.0059,0.2364,15.09
every,2,iq3,14,0.8331,-0.0118,0.1340,8.49
every,2,q8,4,0.3734,+0.0051,1.4629,32.37
every,2,q8,7,0.4785,+0.0079,1.2176,28.94
every,2,q8,14,0.6228,+0.0039,0.8807,19.63
every,8,iq3,4,0.5578,-0.0313,0.3492,11.95
every,8,iq3,7,0.6743,-0.0334,0.2576,11.89
every,8,iq3,14,0.8357,-0.0092,0.1317,9.80
every,8,q8,4,0.3548,-0.0135,1.5063,11.10
every,8,q8,7,0.4495,-0.0211,1.2852,11.77
every,8,q8,14,0.5854,-0.0335,0.9679,11.96
every,16,iq3,4,0.4952,-0.0939,0.3967,6.00
every,16,iq3,7,0.6088,-0.0989,0.3081,6.00
every,16,iq3,14,0.7945,-0.0505,0.1645,6.00
every,16,q8,4,0.3276,-0.0407,1.5698,5.78
every,16,q8,7,0.4053,-0.0652,1.3883,6.00
every,16,q8,14,0.5201,-0.0988,1.1204,6.00
swapn,16,iq3,4,0.4515,-0.1376,0.4303,4.00
swapn,16,iq3,7,0.5693,-0.1384,0.3389,4.00
swapn,16,iq3,14,0.7667,-0.0782,0.1865,3.99
swapn,16,q8,4,0.3040,-0.0642,1.6248,4.00
swapn,16,q8,7,0.3669,-0.1036,1.4780,4.00
swapn,16,q8,14,0.4764,-0.1425,1.2223,4.00
swapn,32,iq3,4,0.5235,-0.0656,0.3749,7.99
swapn,32,iq3,7,0.6370,-0.0706,0.2862,7.95
swapn,32,iq3,14,0.8106,-0.0343,0.1516,6.98
swapn,32,q8,4,0.3432,-0.0250,1.5333,7.99
swapn,32,q8,7,0.4275,-0.0431,1.3366,8.00
swapn,32,q8,14,0.5495,-0.0694,1.0518,7.98
swapn,192,iq3,4,0.6019,+0.0127,0.3162,29.06
swapn,192,iq3,7,0.7192,+0.0116,0.2234,20.36
swapn,192,iq3,14,0.8479,+0.0029,0.1222,10.77
swapn,192,q8,4,0.3723,+0.0040,1.4655,24.23
swapn,192,q8,7,0.4787,+0.0082,1.2170,30.66
swapn,192,q8,14,0.6323,+0.0134,0.8584,27.24
swapn,384,iq3,4,0.6035,+0.0144,0.3150,30.03
swapn,384,iq3,7,0.7200,+0.0123,0.2228,20.58
swapn,384,iq3,14,0.8479,+0.0030,0.1222,10.78
swapn,384,q8,4,0.3728,+0.0045,1.4642,24.96
swapn,384,q8,7,0.4803,+0.0097,1.2133,31.79
swapn,384,q8,14,0.6339,+0.0150,0.8546,28.06
land,0,iq3,4,0.5978,+0.0086,0.3189,21.50
land,0,iq3,7,0.7144,+0.0067,0.2268,17.56
land,0,iq3,14,0.8490,+0.0041,0.1213,10.40
land,0,q8,4,0.3795,+0.0112,1.4486,20.80
land,0,q8,7,0.4809,+0.0104,1.2119,22.57
land,0,q8,14,0.6271,+0.0082,0.8707,20.69
land,2,iq3,4,0.5825,-0.0067,0.3310,21.50
land,2,iq3,7,0.7025,-0.0051,0.2362,17.56
land,2,iq3,14,0.8417,-0.0033,0.1271,10.40
land,2,q8,4,0.3595,-0.0088,1.4954,20.80
land,2,q8,7,0.4625,-0.0080,1.2548,22.57
land,2,q8,14,0.6127,-0.0062,0.9043,20.69
land,3,iq3,4,0.5763,-0.0128,0.3358,21.50
land,3,iq3,7,0.6979,-0.0098,0.2398,17.56
land,3,iq3,14,0.8387,-0.0062,0.1295,10.40
land,3,q8,4,0.3512,-0.0171,1.5146,20.80
land,3,q8,7,0.4550,-0.0155,1.2723,22.57
land,3,q8,14,0.6070,-0.0119,0.9176,20.69
land,4,iq3,4,0.5456,-0.0435,0.3587,11.94
land,4,iq3,7,0.6626,-0.0451,0.2666,11.85
land,4,iq3,14,0.8272,-0.0178,0.1385,9.91
land,4,q8,4,0.3405,-0.0277,1.5396,11.18
land,4,q8,7,0.4371,-0.0335,1.3142,11.79
land,4,q8,14,0.5737,-0.0452,0.9953,11.95
land,8,iq3,4,0.5045,-0.0846,0.3898,8.25
land,8,iq3,7,0.6185,-0.0892,0.3004,8.25
land,8,iq3,14,0.7994,-0.0456,0.1605,8.09
land,8,q8,4,0.3205,-0.0478,1.5864,7.79
land,8,q8,7,0.4075,-0.0631,1.3833,8.19
land,8,q8,14,0.5306,-0.0883,1.0959,8.25
landnoskip,1,iq3,4,0.5891,+0.0000,0.3257,21.50
landnoskip,1,iq3,7,0.7077,+0.0000,0.2321,17.56
landnoskip,1,iq3,14,0.8449,+0.0000,0.1245,10.40
landnoskip,1,q8,4,0.3683,+0.0000,1.4748,20.80
landnoskip,1,q8,7,0.4706,+0.0000,1.2361,22.57
landnoskip,1,q8,14,0.6189,+0.0000,0.8897,20.69
landnoskip,3,iq3,4,0.5763,-0.0128,0.3358,21.50
landnoskip,3,iq3,7,0.6979,-0.0098,0.2398,17.56
landnoskip,3,iq3,14,0.8387,-0.0062,0.1295,10.40
landnoskip,3,q8,4,0.3512,-0.0171,1.5146,20.80
landnoskip,3,q8,7,0.4550,-0.0155,1.2723,22.57
landnoskip,3,q8,14,0.6070,-0.0119,0.9176,20.69
landnoskip,4,iq3,4,0.5707,-0.0184,0.3403,21.50
landnoskip,4,iq3,7,0.6936,-0.0141,0.2432,17.56
landnoskip,4,iq3,14,0.8360,-0.0089,0.1316,10.40
landnoskip,4,q8,4,0.3434,-0.0249,1.5330,20.80
landnoskip,4,q8,7,0.4479,-0.0226,1.2888,22.57
landnoskip,4,q8,14,0.6017,-0.0172,0.9299,20.69
landnoskip,8,iq3,4,0.5506,-0.0385,0.3561,21.50
landnoskip,8,iq3,7,0.6783,-0.0294,0.2553,17.56
landnoskip,8,iq3,14,0.8264,-0.0185,0.1393,10.40
landnoskip,8,q8,4,0.3150,-0.0533,1.5992,20.68
landnoskip,8,q8,7,0.4231,-0.0475,1.3469,22.58
landnoskip,8,q8,14,0.5829,-0.0360,0.9737,20.69
decay,0.0,iq3,4,0.4693,-0.1199,0.4191,23.65
decay,0.0,iq3,7,0.5935,-0.1142,0.3227,22.22
decay,0.0,iq3,14,0.7848,-0.0602,0.1742,14.24
decay,0.0,q8,4,0.3106,-0.0577,1.6095,23.99
decay,0.0,q8,7,0.3728,-0.0977,1.4642,23.94
decay,0.0,q8,14,0.4960,-0.1229,1.1767,23.47
decay,0.5,iq3,4,0.5832,-0.0059,0.3302,20.38
decay,0.5,iq3,7,0.6988,-0.0089,0.2389,16.16
decay,0.5,iq3,14,0.8379,-0.0071,0.1302,9.65
decay,0.5,q8,4,0.3634,-0.0049,1.4861,22.93
decay,0.5,q8,7,0.4656,-0.0049,1.2475,22.59
decay,0.5,q8,14,0.6124,-0.0065,0.9049,19.37
decay,0.85,iq3,4,0.5967,+0.0075,0.3201,21.63
decay,0.85,iq3,7,0.7184,+0.0107,0.2241,19.87
decay,0.85,iq3,14,0.8552,+0.0103,0.1164,11.78
decay,0.85,q8,4,0.3714,+0.0031,1.4675,15.19
decay,0.85,q8,7,0.4761,+0.0056,1.2231,19.56
decay,0.85,q8,14,0.6261,+0.0072,0.8729,21.80
decay,0.95,iq3,4,0.5940,+0.0048,0.3224,16.48
decay,0.95,iq3,7,0.7204,+0.0128,0.2229,18.19
decay,0.95,iq3,14,0.8626,+0.0177,0.1105,13.64
decay,0.95,q8,4,0.3647,-0.0035,1.4831,9.36
decay,0.95,q8,7,0.4689,-0.0017,1.2399,12.84
decay,0.95,q8,14,0.6244,+0.0055,0.8770,17.06
margin,1.0,iq3,4,0.5889,-0.0002,0.3259,21.62
margin,1.0,iq3,7,0.7077,+0.0000,0.2321,17.56
margin,1.0,iq3,14,0.8449,+0.0000,0.1245,10.40
margin,1.0,q8,4,0.3676,-0.0007,1.4765,22.96
margin,1.0,q8,7,0.4702,-0.0004,1.2369,23.22
margin,1.0,q8,14,0.6189,+0.0000,0.8897,20.69
margin,1.2,iq3,4,0.5890,-0.0002,0.3259,21.60
margin,1.2,iq3,7,0.7077,+0.0000,0.2321,17.56
margin,1.2,iq3,14,0.8449,+0.0000,0.1245,10.40
margin,1.2,q8,4,0.3679,-0.0004,1.4758,22.31
margin,1.2,q8,7,0.4703,-0.0003,1.2367,23.08
margin,1.2,q8,14,0.6189,+0.0000,0.8897,20.69
margin,2.0,iq3,4,0.5900,+0.0008,0.3250,19.26
margin,2.0,iq3,7,0.7074,-0.0002,0.2322,16.15
margin,2.0,iq3,14,0.8447,-0.0003,0.1248,10.27
margin,2.0,q8,4,0.3686,+0.0003,1.4742,17.55
margin,2.0,q8,7,0.4714,+0.0009,1.2340,20.02
margin,2.0,q8,14,0.6193,+0.0004,0.8889,18.77
margin,3.0,iq3,4,0.5647,-0.0245,0.3434,10.64
margin,3.0,iq3,7,0.6614,-0.0463,0.2672,8.41
margin,3.0,iq3,14,0.8046,-0.0403,0.1565,5.26
margin,3.0,q8,4,0.3657,-0.0026,1.4809,11.45
margin,3.0,q8,7,0.4640,-0.0066,1.2514,12.28
margin,3.0,q8,14,0.5891,-0.0298,0.9594,10.10
mincount,1,iq3,4,0.5917,+0.0026,0.3239,22.89
mincount,1,iq3,7,0.7163,+0.0086,0.2258,20.84
mincount,1,iq3,14,0.8583,+0.0134,0.1139,12.85
mincount,1,q8,4,0.3683,-0.0000,1.4748,20.81
mincount,1,q8,7,0.4706,+0.0001,1.2358,22.70
mincount,1,q8,14,0.6221,+0.0032,0.8823,22.70
mincount,4,iq3,4,0.5171,-0.0720,0.3795,5.91
mincount,4,iq3,7,0.6127,-0.0950,0.3051,4.86
mincount,4,iq3,14,0.7739,-0.0710,0.1808,3.22
mincount,4,q8,4,0.3573,-0.0110,1.5005,9.22
mincount,4,q8,7,0.4380,-0.0325,1.3120,7.12
mincount,4,q8,14,0.5385,-0.0804,1.0774,5.67
