format,budget_gib,arm,hit_rate_token_weighted_all_rounds,cpu_gib_per_token_token_weighted,swaps_per_token,tokens
iq3,2,adaptive-on,0.1849,0.6233,2.676,21483
iq3,4,adaptive-on,0.2543,0.5714,2.598,21483
iq3,7,adaptive-on,0.3390,0.5080,2.204,21483
iq3,10,adaptive-on,0.4208,0.4478,1.854,21483
iq3,14,adaptive-on,0.5293,0.3671,1.501,21483
iq3,18,adaptive-on,0.6398,0.2849,1.187,21483
iq3,24,adaptive-on,0.7945,0.1687,0.761,21483
q8,2,adaptive-on,0.1170,2.0231,1.525,21483
q8,4,adaptive-on,0.1583,1.9283,2.433,21483
q8,7,adaptive-on,0.1952,1.8436,2.706,21483
q8,10,adaptive-on,0.2289,1.7662,2.693,21483
q8,14,adaptive-on,0.2704,1.6710,2.516,21483
q8,18,adaptive-on,0.3082,1.5844,2.324,21483
q8,24,adaptive-on,0.3579,1.4704,2.087,21483
iq3,2,adaptive-off,0.1182,0.6737,2.666,21483
iq3,4,adaptive-off,0.1900,0.6200,2.566,21483
iq3,7,adaptive-off,0.2755,0.5560,2.177,21483
iq3,10,adaptive-off,0.3601,0.4940,1.835,21483
iq3,14,adaptive-off,0.4722,0.4108,1.462,21483
iq3,18,adaptive-off,0.5876,0.3255,1.123,21483
iq3,24,adaptive-off,0.7526,0.2035,0.668,21483
q8,2,adaptive-off,0.0544,2.1663,1.641,21483
q8,4,adaptive-off,0.0916,2.0808,2.481,21483
q8,7,adaptive-off,0.1293,1.9943,2.690,21483
q8,10,adaptive-off,0.1642,1.9142,2.653,21483
q8,14,adaptive-off,0.2062,1.8178,2.473,21483
q8,18,adaptive-off,0.2443,1.7306,2.284,21483
q8,24,adaptive-off,0.2951,1.6140,2.057,21483
iq3,2,adaptive-seed,0.1176,0.6743,2.639,21483
iq3,4,adaptive-seed,0.1898,0.6202,2.563,21483
iq3,7,adaptive-seed,0.2760,0.5557,2.167,21483
iq3,10,adaptive-seed,0.3611,0.4933,1.830,21483
iq3,14,adaptive-seed,0.4735,0.4099,1.479,21483
iq3,18,adaptive-seed,0.5889,0.3246,1.165,21483
iq3,24,adaptive-seed,0.7535,0.2027,0.742,21483
q8,2,adaptive-seed,0.0540,2.1672,1.513,21483
q8,4,adaptive-seed,0.0910,2.0822,2.413,21483
q8,7,adaptive-seed,0.1286,1.9958,2.671,21483
q8,10,adaptive-seed,0.1638,1.9151,2.651,21483
q8,14,adaptive-seed,0.2061,1.8180,2.472,21483
q8,18,adaptive-seed,0.2445,1.7300,2.281,21483
q8,24,adaptive-seed,0.2958,1.6125,2.050,21483
