format,budget_gib,swaps_per_token,mean_expert_mib,mib_per_token_if_min_layer,mib_per_token_mean_layer,mib_per_token_if_max_layer,gb_per_s_at_20_tps_mean,gb_per_s_at_40_tps_mean,gb_per_s_at_40_tps_min_layer,gb_per_s_at_40_tps_max_layer,cpu_mib_per_token_saved_vs_static,cpu_mib_saved_per_mib_swapped,extra_hits_per_swap_vs_static
iq3,2,22.36,1.665,27.8,37.2,49.7,0.78,1.56,1.17,2.08,255,6.8,7.0
iq3,4,21.50,1.665,26.8,35.8,47.8,0.75,1.50,1.12,2.00,291,8.1,8.2
iq3,7,17.56,1.665,21.9,29.2,39.0,0.61,1.23,0.92,1.64,284,9.7,9.8
iq3,10,14.00,1.665,17.4,23.3,31.1,0.49,0.98,0.73,1.30,259,11.1,11.1
iq3,14,10.40,1.665,12.9,17.3,23.1,0.36,0.73,0.54,0.97,218,12.6,12.5
iq3,18,7.51,1.665,9.4,12.5,16.7,0.26,0.52,0.39,0.70,176,14.1,13.8
iq3,24,4.33,1.665,5.4,7.2,9.6,0.15,0.30,0.23,0.40,123,17.1,16.4
q8,2,13.74,4.980,68.4,68.4,68.4,1.44,2.87,2.87,2.87,487,7.1,7.1
q8,4,20.80,4.980,103.6,103.6,103.6,2.17,4.35,4.35,4.35,683,6.6,6.6
q8,7,22.57,4.980,112.4,112.4,112.4,2.36,4.72,4.72,4.72,806,7.2,7.2
q8,10,22.26,4.980,110.8,110.8,110.8,2.32,4.65,4.65,4.65,864,7.8,7.8
q8,14,20.69,4.980,103.0,103.0,103.0,2.16,4.32,4.32,4.32,888,8.6,8.6
q8,18,18.76,4.980,93.4,93.4,93.4,1.96,3.92,3.92,3.92,881,9.4,9.4
q8,24,16.23,4.980,80.8,80.8,80.8,1.69,3.39,3.39,3.39,849,10.5,10.5
