id,set,n_prompt,n_predict,n_batch,n_ubatch,prefill_steps,decode_steps,file_bytes,sha256
long-0,long,10218,256,2048,512,20,256,10063102,a73a0b38595fad5063ef41b6eb6abd4e24780fff2a0d2cb619519e5f07f0d3e2
long-1,long,8218,256,2048,512,17,256,8180797,33df5ebecc5d4da07d67347d0a907319c2044f20bf4fe9a290b775a14e92ddb0
chat-0,chat,44,256,2048,512,1,256,484866,1f1ea869e40f4f3cf6f822cc40364d83668392074bf063fc5f750d7c0b3a0754
chat-1,chat,39,256,2048,512,1,256,480166,6c02c15210ba5d7822b6563dbedba408bbda15f25dcda63e0298f5fde9096098
chat-2,chat,46,256,2048,512,1,256,486746,f9e780746fe1b59d3f278ce6013bb2fa59c687a179fb878e06f73caefb3e5774
chat-3,chat,46,256,2048,512,1,256,486746,56e881cf04008100d34bfbe1399bc88a583df808e73e1d20fa6f6d031663a376
code-0,code,71,256,2048,512,1,256,510246,94b74c70d31e5bdbafde5047cc52a3a2d64d0e9fafa8c2d963169998ee5eaebe
code-1,code,104,256,2048,512,1,256,541267,4c19c89dd619b18cad7ae257c3e8e0d991066bd6ee9fa06db01491e016fb8010
code-2,code,75,256,2048,512,1,256,514006,dc695fbbafeb324809dec2e946f3d949be37e44ae9ef273e456e6017f69ebec6
code-3,code,62,256,2048,512,1,256,501786,530dea4bd0dcb61315653e46b3c8a5093eaf5a9ba6129ebf3401d95e5ad222a1
