format,test_set,policy,budget_mib_per_layer,resident_slots_total,resident_fraction,resident_gib,hit_rate,cpu_gib_per_token,full_gib_per_token,tokens,swaps
iq3,chat,static,85.333000,2530,0.102946,3.960752,0.169434,0.649616,0.780582,1024,0
iq3,chat,oracle,85.333000,2530,0.102946,3.960752,0.545583,0.361658,0.780582,1024,0
iq3,chat,first-touch,85.333000,2530,0.102946,3.960752,0.396073,0.484722,0.780582,1024,0
iq3,chat,adaptive,85.333000,2530,0.102946,3.960752,0.636450,0.288621,0.780582,1024,15864
iq3,chat,static,149.333000,4441,0.180705,6.954074,0.282617,0.562097,0.780582,1024,0
iq3,chat,oracle,149.333000,4441,0.180705,6.954074,0.729679,0.218215,0.780582,1024,0
iq3,chat,first-touch,149.333000,4441,0.180705,6.954074,0.605747,0.318398,0.780582,1024,0
iq3,chat,adaptive,149.333000,4441,0.180705,6.954074,0.752325,0.197024,0.780582,1024,17189
iq3,chat,static,298.667000,8911,0.362590,13.953185,0.491557,0.402983,0.780582,1024,0
iq3,chat,oracle,298.667000,8911,0.362590,13.953185,0.929665,0.059391,0.780582,1024,0
iq3,chat,first-touch,298.667000,8911,0.362590,13.953185,0.854989,0.119856,0.780582,1024,0
iq3,chat,adaptive,298.667000,8911,0.362590,13.953185,0.877541,0.097920,0.780582,1024,12770
q8,chat,static,85.333000,816,0.033203,3.968811,0.056368,2.202998,2.334595,1024,0
q8,chat,oracle,85.333000,816,0.033203,3.968811,0.260022,1.727549,2.334595,1024,0
q8,chat,first-touch,85.333000,816,0.033203,3.968811,0.061513,2.190986,2.334595,1024,0
q8,chat,adaptive,85.333000,816,0.033203,3.968811,0.411149,1.374728,2.334595,1024,9210
q8,chat,static,149.333000,1392,0.056641,6.770325,0.097831,2.106198,2.334595,1024,0
q8,chat,oracle,149.333000,1392,0.056641,6.770325,0.380021,1.447399,2.334595,1024,0
q8,chat,first-touch,149.333000,1392,0.056641,6.770325,0.174453,1.927318,2.334595,1024,0
q8,chat,adaptive,149.333000,1392,0.056641,6.770325,0.516408,1.128991,2.334595,1024,12532
q8,chat,static,298.667000,2832,0.115234,13.774109,0.193268,1.883393,2.334595,1024,0
q8,chat,oracle,298.667000,2832,0.115234,13.774109,0.587280,0.963533,2.334595,1024,0
q8,chat,first-touch,298.667000,2832,0.115234,13.774109,0.450997,1.281700,2.334595,1024,0
q8,chat,adaptive,298.667000,2832,0.115234,13.774109,0.665741,0.780359,2.334595,1024,16327
iq3,code,static,85.333000,2530,0.102946,3.960752,0.223958,0.607192,0.780582,1024,0
iq3,code,oracle,85.333000,2530,0.102946,3.960752,0.539313,0.367223,0.780582,1024,0
iq3,code,first-touch,85.333000,2530,0.102946,3.960752,0.393982,0.486135,0.780582,1024,0
iq3,code,adaptive,85.333000,2530,0.102946,3.960752,0.555731,0.353279,0.780582,1024,18133
iq3,code,static,149.333000,4441,0.180705,6.954074,0.351516,0.507800,0.780582,1024,0
iq3,code,oracle,149.333000,4441,0.180705,6.954074,0.699371,0.242522,0.780582,1024,0
iq3,code,first-touch,149.333000,4441,0.180705,6.954074,0.608580,0.316458,0.780582,1024,0
iq3,code,adaptive,149.333000,4441,0.180705,6.954074,0.686145,0.250770,0.780582,1024,19886
iq3,code,static,298.667000,8911,0.362590,13.953185,0.591795,0.324282,0.780582,1024,0
iq3,code,oracle,298.667000,8911,0.362590,13.953185,0.893903,0.088877,0.780582,1024,0
iq3,code,first-touch,298.667000,8911,0.362590,13.953185,0.815824,0.150406,0.780582,1024,0
iq3,code,adaptive,298.667000,8911,0.362590,13.953185,0.842314,0.127375,0.780582,1024,15591
q8,code,static,85.333000,816,0.033203,3.968811,0.082463,2.142078,2.334595,1024,0
q8,code,oracle,85.333000,816,0.033203,3.968811,0.284355,1.670742,2.334595,1024,0
q8,code,first-touch,85.333000,816,0.033203,3.968811,0.089720,2.125136,2.334595,1024,0
q8,code,adaptive,85.333000,816,0.033203,3.968811,0.334735,1.553124,2.334595,1024,10055
q8,code,static,149.333000,1392,0.056641,6.770325,0.131663,2.027215,2.334595,1024,0
q8,code,oracle,149.333000,1392,0.056641,6.770325,0.393368,1.416241,2.334595,1024,0
q8,code,first-touch,149.333000,1392,0.056641,6.770325,0.193361,1.883174,2.334595,1024,0
q8,code,adaptive,149.333000,1392,0.056641,6.770325,0.432522,1.324832,2.334595,1024,14034
q8,code,static,298.667000,2832,0.115234,13.774109,0.249618,1.751839,2.334595,1024,0
q8,code,oracle,298.667000,2832,0.115234,13.774109,0.575466,0.991115,2.334595,1024,0
q8,code,first-touch,298.667000,2832,0.115234,13.774109,0.445144,1.295365,2.334595,1024,0
q8,code,adaptive,298.667000,2832,0.115234,13.774109,0.586405,0.965576,2.334595,1024,18758
iq3,long,static,85.333000,2530,0.102946,3.960752,0.317802,0.534153,0.780582,512,0
iq3,long,oracle,85.333000,2530,0.102946,3.960752,0.595113,0.322114,0.780582,512,0
iq3,long,first-touch,85.333000,2530,0.102946,3.960752,0.365218,0.506110,0.780582,512,0
iq3,long,adaptive,85.333000,2530,0.102946,3.960752,0.585457,0.328371,0.780582,512,8193
iq3,long,static,149.333000,4441,0.180705,6.954074,0.478040,0.409391,0.780582,512,0
iq3,long,oracle,149.333000,4441,0.180705,6.954074,0.764315,0.190166,0.780582,512,0
iq3,long,first-touch,149.333000,4441,0.180705,6.954074,0.574792,0.341777,0.780582,512,0
iq3,long,adaptive,149.333000,4441,0.180705,6.954074,0.725256,0.219070,0.780582,512,9501
iq3,long,static,298.667000,8911,0.362590,13.953185,0.706026,0.233951,0.780582,512,0
iq3,long,oracle,298.667000,8911,0.362590,13.953185,0.934753,0.055078,0.780582,512,0
iq3,long,first-touch,298.667000,8911,0.362590,13.953185,0.827230,0.142404,0.780582,512,0
iq3,long,adaptive,298.667000,8911,0.362590,13.953185,0.873470,0.102010,0.780582,512,6548
q8,long,static,85.333000,816,0.033203,3.968811,0.135771,2.017625,2.334595,512,0
q8,long,oracle,85.333000,816,0.033203,3.968811,0.303923,1.625059,2.334595,512,0
q8,long,first-touch,85.333000,816,0.033203,3.968811,0.078711,2.150837,2.334595,512,0
q8,long,adaptive,85.333000,816,0.033203,3.968811,0.331942,1.559645,2.334595,512,4705
q8,long,static,149.333000,1392,0.056641,6.770325,0.208333,1.848221,2.334595,512,0
q8,long,oracle,149.333000,1392,0.056641,6.770325,0.430115,1.330451,2.334595,512,0
q8,long,first-touch,149.333000,1392,0.056641,6.770325,0.165283,1.948725,2.334595,512,0
q8,long,adaptive,149.333000,1392,0.056641,6.770325,0.446594,1.291978,2.334595,512,6298
q8,long,static,298.667000,2832,0.115234,13.774109,0.352397,1.511891,2.334595,512,0
q8,long,oracle,298.667000,2832,0.115234,13.774109,0.633818,0.854888,2.334595,512,0
q8,long,first-touch,298.667000,2832,0.115234,13.774109,0.412443,1.371707,2.334595,512,0
q8,long,adaptive,298.667000,2832,0.115234,13.774109,0.617501,0.892981,2.334595,512,8594
